,implementation,R1,R2,R3,R4,R5,R6,R7,R8,I1,I2,I3,I4,I5,I6,I7,I8,A1,A2,A3,A4,A5,A6,A7,A8,S1,S2,S3,S4,S5,S6,S7,S8,E1,E2,E3,E4,E5,E6,E7,E8,C1,C2,C3,C4,C5,C6,C7,C8,accuracy,elapse,country,fromsearch,gender,age,Strength
0,2,3,1,4,2,1,2,1,1,5,4,3,4,2,5,2,4,2,5,5,5,5,4,2,5,4,4,3,4,4,4,3,3,2,2,3,1,4,1,1,4,1,1,1,1,2,1,1,2,90,222,PT,0,-1,-1,A
7,2,1,1,1,1,1,1,1,1,1,2,1,1,1,1,1,1,4,5,5,5,5,5,4,5,4,3,1,3,3,4,4,2,1,3,4,4,1,4,4,5,1,1,1,1,1,1,1,1,90,210,GB,0,-1,-1,A
23,2,1,1,1,1,1,1,1,1,4,1,4,1,1,1,1,3,4,5,5,1,4,2,2,4,2,1,1,1,1,1,2,2,1,1,2,1,1,1,1,1,1,1,1,1,1,1,1,1,99,123,GB,0,-1,-1,A
24,2,5,1,3,1,-1,2,3,1,5,5,4,5,4,3,3,2,2,5,1,3,3,2,4,2,4,4,5,5,5,2,2,3,1,1,1,2,2,2,3,2,1,1,1,3,1,1,1,2,90,211,NO,0,-1,-1,I
29,2,4,3,1,2,4,4,4,4,3,2,2,2,2,2,3,3,1,1,2,2,3,3,3,3,4,3,3,3,5,4,4,4,2,2,4,2,4,4,4,4,3,3,4,4,4,5,4,5,75,320,GB,1,-1,-1,C
45,2,2,1,2,1,1,2,2,1,3,4,3,4,3,4,3,4,3,3,3,4,4,4,4,3,2,1,2,4,2,3,4,2,2,1,2,2,4,2,3,3,1,1,2,1,4,3,4,3,70,124,GB,1,-1,-1,I
55,2,2,2,2,3,2,2,2,3,3,3,3,3,3,2,3,3,4,3,4,3,4,3,3,4,3,3,2,4,1,3,3,2,4,2,4,3,4,3,4,3,2,2,2,2,4,2,2,3,70,397,GB,1,-1,-1,A
63,2,5,2,3,3,2,2,2,1,3,2,1,4,1,1,1,1,1,1,1,1,1,1,4,1,2,1,2,3,1,1,1,1,2,1,5,1,4,4,3,1,3,2,2,3,2,2,4,3,100,153,FI,1,-1,-1,E
70,2,4,3,3,4,3,5,4,3,5,5,5,5,4,4,4,3,1,1,1,1,1,2,2,1,3,4,4,5,4,3,5,3,1,2,3,2,3,3,3,4,5,4,3,3,5,5,3,3,80,274,GB,1,-1,-1,I
85,2,3,2,3,4,1,2,1,2,3,3,3,2,3,3,3,4,3,5,3,2,5,3,1,3,1,3,2,1,2,1,2,1,1,1,2,1,4,2,2,1,4,1,1,2,1,3,1,2,95,30837,DE,0,-1,-1,A
92,2,4,1,4,1,1,4,1,-1,4,4,4,5,4,4,4,4,1,4,2,4,4,2,5,4,4,4,4,4,4,2,2,2,2,1,4,5,5,4,2,2,2,1,2,2,1,3,2,2,80,158,GB,0,-1,-1,I
99,2,4,3,3,4,4,3,3,3,2,2,2,4,3,3,3,4,1,2,3,4,2,4,3,3,1,4,4,3,3,2,2,3,2,3,3,3,3,2,2,2,3,3,4,4,4,4,3,4,80,163,SI,0,-1,-1,C
101,2,2,2,1,1,1,1,2,1,2,4,4,1,4,4,2,1,4,5,4,5,5,5,5,4,4,5,4,2,5,4,5,2,2,5,2,4,3,5,4,3,2,3,2,2,3,4,2,4,100,103,NO,0,-1,-1,A
102,2,5,1,2,1,2,1,1,1,3,3,3,2,3,2,3,1,2,4,4,3,3,1,3,3,1,-1,2,2,1,2,3,1,2,4,4,2,4,4,3,5,2,2,1,3,1,1,1,2,99,221,GB,0,-1,-1,E
128,2,3,2,1,2,1,1,1,1,3,1,2,1,1,1,1,1,1,1,4,3,1,1,3,1,2,3,4,2,5,3,1,1,2,3,2,1,4,5,3,2,3,1,3,2,1,1,2,2,100,186,SE,1,-1,-1,E
131,2,2,3,3,4,3,2,4,3,4,3,4,5,4,5,4,4,1,2,4,3,3,3,4,1,1,2,2,2,1,2,1,2,1,1,1,2,1,1,4,4,1,1,3,1,4,4,1,1,80,183,GB,1,-1,-1,I
153,2,1,2,1,2,1,1,2,2,4,3,3,4,2,3,3,2,1,2,4,2,2,1,1,2,3,5,4,4,3,5,5,3,2,3,3,4,2,3,3,2,3,3,2,3,1,4,3,2,100,134,GB,1,-1,-1,S
168,2,5,4,4,4,1,4,3,4,5,4,2,2,2,2,1,3,1,4,4,3,1,2,5,1,4,2,1,5,5,5,1,2,3,3,4,2,5,4,4,4,2,3,5,1,4,5,4,2,90,433,DE,0,-1,-1,R
173,2,1,1,1,1,1,1,1,1,1,4,1,1,1,1,1,1,1,1,1,5,1,5,1,1,1,1,3,1,1,1,1,1,1,1,4,1,4,1,1,3,1,1,1,1,1,1,1,1,100,108,GB,1,-1,-1,A
183,2,1,1,1,1,1,1,1,1,4,4,4,3,3,3,3,4,1,1,1,1,2,2,1,1,3,3,2,2,3,4,4,3,1,1,4,2,4,2,3,3,1,1,1,1,3,1,1,1,80,169,GB,1,-1,-1,I
191,2,1,1,2,1,1,2,1,3,5,3,3,5,4,2,3,3,5,5,3,5,4,3,5,2,3,5,5,5,5,5,4,4,2,3,3,3,4,3,3,3,1,2,2,2,1,1,1,1,99,238,DE,1,-1,-1,S
198,2,2,1,1,4,1,4,1,2,3,4,4,4,4,4,4,4,1,1,1,1,1,2,2,2,3,4,3,5,2,2,4,1,1,2,4,2,3,2,2,2,4,2,5,4,4,4,2,3,80,261,UA,1,-1,-1,I
204,2,5,2,2,4,1,3,1,3,5,5,5,5,5,5,5,3,3,4,5,1,3,5,3,5,3,3,1,5,3,3,3,3,1,1,4,3,3,3,1,3,1,1,1,1,1,3,1,1,94,185,SI,0,-1,-1,I
205,2,3,2,1,4,2,2,2,2,3,5,4,4,4,4,4,3,5,4,4,5,4,5,3,4,3,3,2,5,3,4,2,2,4,3,2,2,4,4,4,4,2,3,3,3,4,4,3,2,95,223,DE,0,-1,-1,A
243,2,1,1,2,2,1,1,2,1,4,4,5,5,5,2,5,2,3,5,2,4,5,3,4,2,4,3,5,2,4,1,2,1,2,1,3,1,3,1,1,1,1,3,2,4,5,3,1,2,85,87,GB,1,-1,-1,I
253,2,1,1,1,2,1,1,1,1,3,1,1,1,1,1,1,1,3,3,3,4,2,4,1,4,5,2,1,3,2,2,2,2,2,2,4,3,5,3,3,2,4,2,4,4,3,2,4,4,70,132,GB,1,-1,-1,C
254,2,1,3,1,1,1,2,1,1,4,2,1,2,1,1,1,2,3,3,5,2,3,1,3,4,5,5,3,3,5,3,2,2,2,3,2,3,3,4,2,3,1,1,1,1,1,1,1,2,85,238,DE,1,-1,-1,S
271,2,1,3,1,2,1,3,3,2,4,4,4,4,4,4,4,4,5,4,5,4,5,5,2,5,1,4,5,1,5,1,5,5,1,3,3,2,2,3,3,3,1,1,3,2,2,3,1,3,60,131,GB,0,-1,-1,A
282,2,3,1,1,1,1,1,1,1,4,4,4,4,3,4,4,4,5,5,4,5,5,5,4,4,5,5,4,4,4,4,5,4,1,1,3,1,1,1,1,3,1,1,1,1,1,1,1,1,100,170,GB,0,-1,-1,A
305,2,3,3,1,4,2,3,2,3,3,4,2,1,2,4,1,3,1,1,1,3,1,4,5,1,2,3,4,4,4,4,3,4,1,3,3,2,4,4,3,4,2,3,2,2,3,4,2,3,70,202,GB,1,-1,-1,S
313,2,1,3,1,3,3,3,2,3,5,3,4,5,5,4,5,3,1,3,-1,3,3,4,2,3,3,4,3,5,3,3,4,3,1,3,3,5,4,4,3,3,1,3,3,4,4,3,1,3,80,152,GB,1,-1,-1,I
316,2,3,3,1,3,1,3,2,2,5,5,5,5,5,4,5,4,2,2,2,1,5,3,4,2,1,5,3,5,3,5,4,5,1,1,3,1,1,1,1,3,3,3,3,3,4,3,3,3,100,236,GB,1,-1,-1,I
320,2,4,2,4,5,5,4,4,3,4,4,3,4,4,2,4,2,1,2,4,2,2,2,4,2,4,3,4,4,4,2,2,3,3,3,4,4,4,2,4,4,2,2,4,3,2,4,2,4,80,298,SI,0,-1,-1,R
332,2,4,1,3,2,1,2,1,2,1,3,4,4,2,4,2,4,1,1,4,2,4,2,1,1,1,3,1,3,1,1,1,1,3,3,4,1,5,3,5,2,3,1,2,3,4,3,4,4,75,253,SE,1,-1,-1,E
335,2,3,1,1,2,1,1,1,2,4,4,4,4,3,4,3,3,4,2,4,4,4,4,2,3,3,4,5,3,5,4,4,4,2,2,3,2,3,4,1,3,2,3,2,2,1,2,2,2,70,475,ES,0,-1,-1,S
336,2,2,3,1,4,1,3,1,1,5,4,5,5,5,3,3,2,3,3,5,4,5,3,3,4,4,5,5,4,4,1,3,3,1,1,1,3,3,3,1,1,1,1,1,2,3,1,1,1,90,187,GB,1,-1,-1,I
346,2,1,3,1,1,1,-1,1,1,4,4,4,2,4,4,2,3,5,5,2,3,5,5,2,3,3,4,3,2,4,4,2,2,2,2,2,2,1,2,5,2,1,3,1,2,2,3,1,1,85,166,GB,1,-1,-1,A
360,2,4,2,1,4,2,4,2,2,5,2,4,5,3,3,3,4,2,4,3,2,3,5,2,3,3,2,2,3,3,4,3,2,1,1,1,1,3,3,1,3,3,2,4,3,2,5,4,4,75,471,NO,1,-1,-1,I
362,2,3,2,2,4,1,2,2,1,4,5,4,5,4,4,4,4,2,3,4,3,4,2,3,3,2,4,5,4,5,4,4,4,3,4,2,4,3,4,3,5,2,2,2,2,2,2,1,2,80,182,GB,0,-1,-1,I
367,2,2,2,3,2,3,2,2,2,3,3,3,3,4,4,3,3,4,4,4,4,4,5,3,4,4,5,3,2,4,3,4,4,2,4,3,2,2,3,2,3,2,2,3,2,2,2,2,3,82,1785,GB,0,-1,-1,A
389,2,2,1,4,1,1,1,1,1,4,3,5,5,4,4,3,1,1,1,1,3,1,1,1,1,5,5,2,5,4,1,4,4,1,1,2,3,1,1,3,1,1,1,1,1,1,3,1,1,95,238,GB,1,-1,-1,S
397,2,3,3,1,3,3,4,3,3,4,5,4,2,3,3,1,2,1,1,1,1,1,3,5,1,4,1,1,5,1,3,4,1,4,2,4,2,5,4,2,4,4,3,5,2,4,5,4,2,85,189,DE,1,-1,-1,C
407,2,1,1,3,4,1,3,2,3,5,4,4,5,4,1,1,3,1,5,2,1,1,1,1,3,5,3,4,4,4,3,3,1,1,2,4,1,5,4,1,4,1,2,3,3,4,4,2,3,70,321,HU,1,-1,-1,I
413,2,2,1,3,1,1,1,1,1,2,1,1,1,1,1,1,1,2,3,1,1,4,1,1,1,4,1,1,1,1,1,1,1,3,3,5,1,5,1,5,5,4,1,1,4,1,1,5,5,85,135,SE,0,-1,-1,E
428,2,3,4,4,3,4,3,2,2,5,5,4,4,5,4,5,4,4,2,2,4,2,5,5,2,5,4,4,4,4,4,4,1,3,5,4,1,4,3,3,5,1,1,2,2,2,3,3,2,95,241,GB,1,-1,-1,I
436,2,1,1,1,1,1,1,1,1,2,3,3,1,1,2,1,1,3,4,4,5,5,4,1,3,2,3,2,1,2,1,1,1,1,1,1,1,1,1,1,1,1,1,1,1,1,1,1,1,98,108,DE,0,-1,-1,A
438,2,3,2,1,1,2,1,2,1,2,3,2,1,2,2,1,1,2,2,4,3,2,2,1,3,3,4,3,2,4,4,4,3,2,4,3,1,3,4,3,3,3,2,3,3,2,3,2,3,60,242,DE,0,-1,-1,S
480,2,4,4,1,4,3,5,3,5,5,5,1,2,3,5,3,5,4,5,5,5,3,5,4,5,4,3,3,4,3,4,4,4,1,1,2,2,1,1,1,3,1,3,3,3,2,4,1,1,80,184,GB,0,-1,-1,A
488,2,1,1,1,1,1,2,2,1,2,4,3,2,2,3,2,1,3,4,2,3,4,4,2,3,2,4,3,1,2,2,3,4,2,1,2,3,2,2,1,2,2,2,2,2,1,2,1,2,98,184,PT,0,-1,-1,A
491,2,3,3,4,3,2,3,3,2,4,-1,5,4,5,4,5,4,2,4,3,3,-1,3,4,2,3,3,2,3,2,3,2,2,3,3,2,3,3,3,2,3,1,2,2,3,4,3,2,2,90,179,BY,1,-1,-1,I
521,2,4,4,4,5,4,5,4,4,4,2,2,5,3,3,3,4,1,1,1,1,1,4,4,2,3,4,1,3,1,2,3,1,2,2,4,1,4,3,4,4,3,4,5,4,5,5,5,5,80,145,GB,1,-1,-1,C
523,2,1,1,1,1,1,1,1,1,4,1,1,1,1,3,1,1,1,1,1,4,1,1,1,1,1,1,1,1,3,1,2,1,1,1,1,1,1,1,1,1,1,1,1,1,1,1,1,1,90,161,GB,0,-1,-1,I
532,2,4,1,3,4,2,2,3,1,4,3,4,5,5,2,5,3,3,3,4,4,5,5,2,2,3,3,2,3,4,4,4,2,4,2,4,2,3,3,4,3,1,2,2,2,3,3,3,2,85,194,PL,1,-1,-1,I
537,2,2,2,4,3,2,3,4,3,3,3,3,2,2,5,3,5,3,2,2,2,2,3,4,3,2,3,3,4,2,3,3,2,2,2,4,2,3,2,4,2,1,2,2,1,1,2,2,2,75,437,GB,1,-1,-1,I
559,2,2,1,1,3,1,2,2,2,5,1,1,5,2,1,2,2,1,1,3,1,2,1,1,1,4,1,3,4,3,1,1,1,4,3,5,4,5,4,3,4,2,3,4,2,3,2,4,3,60,157,ES,1,-1,-1,E
564,2,1,3,1,1,1,3,3,1,5,1,1,5,5,1,5,1,3,-1,1,3,1,5,1,1,5,5,1,5,5,1,5,3,3,3,1,3,1,1,1,3,3,1,5,5,3,3,3,1,85,210,GB,1,-1,-1,S
567,2,3,4,4,1,2,4,1,3,5,5,5,5,5,5,5,4,4,2,3,5,4,5,4,2,5,2,4,2,4,4,4,1,2,1,2,2,4,1,1,3,1,1,1,1,2,1,1,1,90,124,GB,0,-1,-1,I
568,2,1,2,2,1,1,3,1,1,5,2,2,1,2,3,1,1,5,4,5,4,4,5,2,5,4,2,5,4,4,4,3,4,2,4,4,5,3,3,4,3,1,2,1,1,2,1,2,2,56,287,GB,1,-1,-1,A
575,2,1,1,1,1,1,1,1,1,2,2,1,3,1,1,1,1,1,5,2,1,1,1,1,4,3,4,3,4,3,4,4,3,3,3,4,4,2,4,2,5,4,4,3,4,4,3,2,3,80,787,HU,1,-1,-1,S
595,2,1,1,4,1,1,1,1,1,5,4,4,5,4,4,5,3,5,1,3,4,5,5,1,2,5,4,4,1,4,1,5,1,1,1,1,1,1,1,1,1,1,1,1,4,5,3,1,1,100,145,GB,0,-1,-1,I
602,2,3,1,3,1,1,1,1,1,5,1,1,1,1,1,1,1,1,1,1,1,1,1,1,1,1,1,1,1,1,1,1,1,2,2,1,1,1,1,1,1,1,2,1,1,3,1,4,1,80,164,GB,0,-1,-1,C
606,2,1,1,1,1,1,1,1,1,4,2,2,3,3,2,2,4,3,1,3,2,3,3,1,3,4,2,1,3,1,1,2,2,1,1,1,1,1,1,1,1,1,1,1,1,1,1,1,1,90,112,GB,0,-1,-1,I
610,2,4,3,3,3,2,4,3,3,3,3,3,2,2,4,3,4,2,2,3,3,5,4,1,4,2,4,2,4,3,2,4,2,2,3,3,3,2,3,2,4,4,4,3,3,5,4,2,3,50,2687,PL,0,-1,-1,C
613,2,2,3,3,5,2,3,1,2,5,3,4,5,4,3,4,4,4,2,2,3,2,4,2,2,3,3,3,4,3,2,2,4,1,2,2,1,4,1,2,3,1,2,4,1,4,3,2,2,80,250,SE,1,-1,-1,I
631,2,1,1,1,1,1,1,1,1,5,5,5,5,4,5,4,5,4,5,3,5,4,5,2,3,5,5,3,4,5,5,5,5,1,1,4,2,2,2,4,2,1,1,1,1,1,1,1,1,90,174,ES,1,-1,-1,I
641,2,1,1,1,1,1,1,1,1,2,3,3,4,3,3,2,2,1,2,5,3,4,2,1,4,5,2,4,5,4,1,3,1,1,3,3,4,2,3,2,4,1,1,3,2,1,1,1,1,93,294,GB,0,-1,-1,S
644,2,3,3,1,3,1,3,2,1,4,3,5,3,4,3,4,4,5,3,3,5,3,5,1,2,5,4,5,3,5,3,5,4,1,4,5,3,3,3,3,4,5,5,5,5,4,5,3,4,85,203,GB,0,-1,-1,C
651,2,3,3,2,2,2,2,3,2,2,3,3,1,1,2,1,1,2,2,3,1,1,2,1,2,3,2,1,2,1,2,2,3,4,4,4,3,5,4,4,4,4,4,4,2,5,4,5,3,90,196,SI,1,-1,-1,E
667,2,2,1,1,1,1,1,1,1,3,2,4,3,4,3,4,4,4,4,4,4,4,4,4,5,3,3,1,4,4,2,1,2,3,3,4,2,4,4,4,2,2,1,1,2,3,1,2,3,100,376,PL,0,-1,-1,A
674,2,5,5,5,4,4,4,4,4,5,3,4,4,4,3,4,5,1,2,2,2,1,4,5,2,2,2,1,2,1,1,1,1,2,1,3,1,4,2,1,2,2,4,3,2,4,3,1,3,90,117,GB,0,-1,-1,R
689,2,3,4,4,3,3,3,3,3,3,4,4,4,3,4,2,4,4,4,4,4,4,3,4,4,2,4,4,4,4,3,3,3,2,2,4,2,2,2,4,2,2,1,2,2,2,3,2,2,70,449,GB,0,-1,-1,A
696,2,1,1,5,1,1,1,1,1,1,5,5,5,5,5,5,1,1,1,1,5,5,5,5,1,5,5,5,3,5,5,5,5,1,1,1,5,5,1,5,1,1,1,1,1,1,1,1,1,100,141,GB,0,-1,-1,S
697,2,4,3,4,2,1,5,2,3,3,4,5,5,4,5,2,4,1,2,4,5,2,5,4,3,4,3,2,2,2,3,4,1,2,1,4,1,4,3,3,3,1,1,3,1,2,3,2,1,100,235,SE,0,-1,-1,I
726,2,4,2,3,4,2,2,3,2,4,4,4,2,4,4,2,4,2,2,2,2,2,2,3,2,2,2,2,2,2,2,2,2,2,2,2,2,2,2,2,2,2,3,2,2,3,2,2,2,90,95,PT,0,-1,-1,I
740,2,1,1,1,1,1,1,1,1,4,1,1,4,1,1,1,1,4,1,1,4,1,1,1,1,3,3,1,1,4,1,3,3,1,1,1,1,1,1,1,1,1,1,1,4,1,1,1,1,99,152,GB,0,-1,-1,S
743,2,2,3,3,1,1,3,1,1,4,4,3,1,1,3,1,2,2,2,5,2,1,4,3,5,1,3,1,1,1,3,2,1,1,2,2,3,4,3,1,1,1,2,1,2,1,1,1,3,90,461,FI,0,-1,-1,A
751,2,3,3,1,3,1,1,1,2,1,2,1,2,1,1,1,1,3,3,4,3,3,3,3,3,5,4,1,2,4,2,5,1,1,2,3,2,3,3,4,3,3,3,2,2,3,4,4,4,60,282,GB,0,-1,-1,A
752,2,3,2,1,2,-1,2,-1,2,2,4,4,3,5,4,4,5,1,2,3,3,4,2,4,2,4,3,2,3,2,3,2,2,2,1,1,1,2,1,2,4,1,1,1,2,5,3,1,3,87,207,SE,1,-1,-1,I
760,2,2,2,3,2,2,2,1,2,2,4,2,5,2,3,3,3,5,5,3,5,5,5,3,5,3,5,4,1,5,2,3,3,-1,1,5,4,5,3,2,3,1,1,1,-1,1,2,1,3,90,270,ES,0,-1,-1,A
768,2,3,2,1,1,1,1,1,1,4,4,4,5,4,2,4,1,3,2,1,1,1,1,1,1,4,1,4,3,2,1,1,-1,3,2,2,1,1,1,1,1,3,1,1,1,1,1,1,1,80,132,HU,0,-1,-1,I
769,2,3,1,1,1,1,1,1,1,5,4,1,5,4,4,1,3,5,4,1,3,4,4,1,2,2,5,5,1,4,2,4,5,1,1,2,1,1,1,1,3,1,1,1,1,1,1,1,1,100,123,GB,0,-1,-1,S
782,2,3,3,2,1,2,3,1,1,4,5,5,3,4,5,3,4,3,4,5,5,5,3,4,4,3,4,4,2,4,4,4,3,3,3,2,1,2,2,2,3,1,3,1,1,1,1,1,2,85,157,FI,0,-1,-1,I
803,2,1,4,2,2,3,4,2,2,3,4,5,4,4,4,4,4,3,4,2,3,4,3,1,3,4,5,5,5,4,5,5,5,2,1,3,2,3,2,1,5,1,2,1,1,1,5,2,1,80,114,DE,1,-1,-1,S
804,2,3,1,1,1,1,1,1,1,2,4,4,1,1,3,1,1,4,4,5,3,5,5,1,5,5,4,3,3,4,4,4,3,3,1,5,4,4,2,3,-1,2,2,2,3,2,2,2,1,90,390,GB,1,-1,-1,A
805,2,4,2,1,2,1,1,1,3,4,3,3,2,2,2,1,2,3,4,4,4,4,4,1,4,5,4,5,5,5,4,4,3,2,4,5,2,5,4,4,4,3,4,3,4,4,4,3,3,98,166,GB,1,-1,-1,S
806,2,1,1,1,1,1,1,1,1,3,4,3,4,2,3,2,1,3,5,4,4,5,4,4,5,3,5,4,2,4,1,1,2,5,3,3,2,2,4,2,1,1,3,1,1,1,1,1,1,90,123,GB,1,-1,-1,A
807,2,1,1,1,1,1,1,1,1,3,1,1,4,4,3,4,1,4,4,4,5,5,5,1,4,4,4,4,1,1,1,4,1,-1,1,1,1,4,1,1,1,1,1,1,1,5,1,1,1,90,151,DE,0,-1,-1,A
822,2,3,1,1,1,1,1,1,1,4,3,3,2,1,3,1,1,3,1,2,1,2,2,2,1,4,1,5,1,5,2,4,3,2,1,3,1,3,1,1,2,1,1,1,1,1,1,1,1,90,108,GB,1,-1,-1,S
840,2,1,1,1,1,1,1,2,1,5,4,1,4,4,1,4,3,1,1,1,1,-1,1,3,1,3,1,3,5,4,1,3,2,1,1,2,1,1,1,2,1,3,4,4,4,5,3,3,3,80,149,GB,1,-1,-1,C
842,2,1,1,1,1,1,1,1,1,4,5,5,5,5,5,5,5,3,5,5,5,5,5,4,5,1,4,1,3,2,2,2,1,1,1,1,1,4,2,1,1,1,1,1,1,1,1,1,1,90,106,GB,0,-1,-1,I
856,2,2,1,1,1,1,1,2,1,2,4,4,1,1,2,2,1,2,1,1,1,5,4,1,3,2,4,1,2,2,3,3,3,1,3,3,2,2,2,1,3,1,2,2,2,3,2,1,2,80,118,GB,1,-1,-1,S
865,2,3,3,2,3,3,2,3,2,3,4,4,3,4,3,4,4,3,3,4,4,3,4,1,3,2,3,2,3,3,2,3,1,2,3,3,1,2,2,2,3,3,3,3,4,4,4,3,3,70,363,SE,1,-1,-1,I
875,2,1,1,1,2,2,2,1,1,4,3,4,5,4,5,3,4,2,4,5,4,2,3,4,4,2,4,3,5,4,1,1,4,1,1,4,2,5,3,3,4,3,1,3,2,4,1,4,2,75,151,DE,1,-1,-1,I
885,2,3,2,1,2,1,1,1,1,2,1,1,3,1,1,1,1,3,3,4,4,5,4,3,3,5,5,2,5,5,4,4,3,4,2,2,5,5,5,3,5,3,2,2,4,3,3,2,1,50,360,GB,1,-1,-1,S
898,2,5,4,4,4,3,4,4,4,5,4,4,4,4,5,4,5,1,2,2,4,4,4,1,2,4,4,4,4,3,1,5,3,1,1,1,1,2,1,1,1,3,5,3,2,4,5,3,3,95,214,DE,0,-1,-1,I
901,2,4,3,5,3,2,3,1,2,4,4,5,4,4,4,4,5,2,2,2,5,4,5,3,3,3,4,3,2,2,2,2,3,1,2,2,1,1,2,3,2,2,4,4,2,3,3,2,3,80,338,IS,1,-1,-1,I
944,2,3,1,1,3,1,1,3,1,3,4,3,5,3,1,2,1,2,1,2,1,1,1,1,1,1,1,2,5,2,1,1,1,3,2,5,2,5,2,1,1,3,2,3,3,4,4,3,3,50,265,GB,1,-1,-1,C
970,2,1,1,1,1,1,1,1,1,5,3,3,4,4,1,2,1,3,3,1,1,3,1,1,1,3,4,4,2,4,2,3,3,1,1,1,1,1,1,1,1,1,1,1,1,1,1,1,1,95,106,GB,0,-1,-1,S
976,2,1,1,1,1,1,3,1,1,4,3,3,3,3,3,1,4,4,4,4,4,5,4,4,2,4,4,1,1,2,4,4,2,1,4,4,2,1,1,1,2,1,1,1,2,3,1,1,1,80,132,ES,1,-1,-1,A
985,2,2,3,1,2,2,2,4,4,5,3,4,5,4,4,4,3,4,5,4,4,4,2,2,3,4,3,4,5,4,2,3,2,2,2,3,2,2,3,3,4,1,1,1,2,1,2,2,1,97,2729,DE,0,-1,-1,I
987,2,1,1,1,1,1,1,1,1,3,5,2,3,2,1,1,1,1,2,3,1,1,1,1,1,4,1,5,3,5,4,2,2,1,3,3,1,4,5,3,1,1,1,1,2,2,1,3,1,89,260,GB,1,-1,-1,S
995,2,3,1,1,1,1,1,1,1,3,1,1,1,1,1,1,1,3,5,1,2,4,1,1,1,5,5,5,1,4,3,1,1,3,3,1,1,4,4,1,3,3,1,1,3,3,1,1,1,100,102,GB,0,-1,-1,S
1018,2,3,3,2,1,1,2,1,1,3,2,1,1,1,2,1,1,3,2,1,3,3,3,3,3,5,5,4,3,4,3,4,3,3,2,1,3,2,2,1,3,2,2,2,2,1,1,1,4,95,165,ES,0,-1,-1,S
1020,2,1,1,1,1,1,1,1,1,1,1,1,1,1,1,1,1,3,5,4,4,5,4,2,5,5,5,1,4,3,3,5,3,1,3,2,1,5,4,5,4,1,3,1,3,1,3,1,1,90,207,GB,1,-1,-1,A
1030,2,3,4,2,2,3,2,3,2,3,5,3,3,3,4,3,4,1,3,5,1,2,1,2,5,4,3,4,3,4,4,4,4,3,4,4,3,4,4,2,4,1,2,1,2,1,1,3,1,99,321,GB,0,-1,-1,S
1049,2,3,3,1,4,3,3,3,3,4,4,2,4,4,3,3,3,3,3,3,2,3,3,4,4,3,5,3,2,4,3,3,3,3,3,3,2,3,3,3,4,2,3,3,3,3,3,3,3,70,117,GB,0,-1,-1,I
1079,2,3,2,1,1,1,2,1,1,3,4,3,3,3,3,3,3,3,3,3,3,4,4,3,1,4,4,4,2,4,1,1,2,2,2,3,3,2,1,3,2,3,3,3,3,2,2,2,2,80,223,GB,0,-1,-1,I
1093,2,1,1,1,1,1,3,1,1,1,1,1,1,1,1,1,1,1,3,5,3,3,1,1,5,4,3,1,1,1,2,1,1,1,1,3,1,1,1,1,1,1,1,1,1,1,1,1,1,95,146,DE,1,-1,-1,A
1117,2,2,1,1,2,3,1,2,1,5,1,1,1,4,1,4,1,4,1,1,1,1,1,4,1,2,1,1,1,1,1,1,1,3,4,4,1,4,1,5,2,4,5,4,5,4,3,4,3,96,110,FI,0,-1,-1,C
1143,2,2,4,1,2,1,3,1,2,5,4,4,4,3,4,3,4,4,2,4,3,4,4,3,3,5,5,1,2,3,4,4,2,4,3,4,5,3,5,5,5,1,1,1,1,1,1,1,1,70,237,SI,1,-1,-1,E
1156,2,3,3,3,3,3,3,3,3,4,3,3,3,3,3,3,4,3,3,3,3,3,4,3,3,3,3,3,3,2,3,3,3,2,3,3,3,3,3,2,3,3,3,3,3,2,3,3,3,60,223,SI,0,-1,-1,I
1162,2,2,4,4,4,1,4,1,3,2,4,4,3,3,4,3,4,1,1,1,1,1,4,4,1,3,1,3,2,1,3,3,3,3,3,1,2,4,3,3,4,3,4,3,2,3,1,3,1,40,855,GB,1,-1,-1,I
1175,2,2,2,1,2,1,1,1,1,3,4,3,4,4,3,4,3,3,5,4,3,5,3,4,4,5,4,3,3,4,4,4,4,4,2,2,2,2,3,3,3,2,2,2,3,3,2,2,2,70,463,SE,1,-1,-1,A
1203,2,1,1,1,1,1,1,1,1,1,1,1,1,1,1,1,1,1,1,1,1,1,1,1,1,4,1,3,3,3,1,1,1,1,1,1,1,1,1,1,1,1,1,1,1,1,1,1,1,100,102,GB,1,-1,-1,S
1217,2,1,1,1,1,2,2,2,1,4,5,4,1,2,4,2,1,4,3,4,4,5,3,2,5,4,3,4,1,4,4,4,2,1,2,2,2,2,1,1,1,2,1,1,3,3,4,1,1,90,568,GB,0,-1,-1,A
1226,2,4,2,1,1,2,1,2,1,4,2,5,1,4,1,3,1,1,4,5,2,5,2,3,4,3,4,3,2,4,2,1,1,3,2,4,3,3,2,1,3,3,3,3,4,4,2,3,4,90,223,SE,0,-1,-1,A
1227,2,4,5,4,4,1,5,2,5,5,5,5,2,3,-1,4,5,4,3,3,1,2,4,2,3,1,2,1,1,1,4,1,1,1,1,3,1,3,3,1,3,3,4,4,1,4,3,2,4,100,147,SI,1,-1,-1,R
1234,2,3,4,1,2,1,4,2,4,4,5,5,1,2,4,1,3,2,3,5,3,4,5,3,5,4,4,2,3,2,2,3,2,1,3,5,4,4,4,1,4,3,2,4,4,1,3,1,4,90,190,GB,1,-1,-1,A
1238,2,1,2,1,1,1,2,1,1,5,5,5,4,4,4,1,2,5,5,5,5,5,5,5,4,5,5,5,3,5,5,4,1,2,2,5,1,5,1,1,3,1,1,2,1,1,2,1,1,95,215,GB,1,-1,-1,A
1247,2,2,2,1,2,1,2,1,1,4,5,5,5,5,4,5,2,1,4,3,4,5,3,4,3,3,4,5,4,5,2,2,4,2,2,2,1,4,2,2,1,1,2,2,2,3,3,2,1,70,400,ES,0,-1,-1,I
1251,2,3,3,2,3,2,3,-1,2,5,5,5,4,4,4,4,4,3,2,3,4,3,4,4,3,3,4,4,2,4,4,4,4,1,2,2,2,2,2,1,3,2,2,2,3,2,2,3,2,80,131,GB,1,-1,-1,I
1265,2,5,1,1,2,1,1,1,1,3,1,1,1,1,2,1,4,3,1,1,2,3,3,3,5,5,1,1,3,5,2,3,2,2,2,3,1,5,2,2,1,2,5,5,3,5,1,4,3,95,311,ES,1,-1,-1,C
1275,2,5,1,1,1,1,3,1,1,4,2,1,3,2,1,1,3,1,1,1,1,1,1,1,1,3,1,1,1,1,1,1,1,1,1,1,1,4,1,3,1,1,1,2,2,4,3,2,3,75,175,DE,1,-1,-1,C
1277,2,1,2,1,1,1,1,1,1,4,4,2,2,2,2,1,1,2,5,4,5,4,4,3,4,4,3,4,1,4,3,4,2,1,1,4,1,4,1,1,2,1,1,1,1,4,4,1,1,80,215,DE,0,-1,-1,A
1302,2,3,1,1,1,2,3,1,1,4,4,4,4,4,4,4,4,3,4,4,5,5,5,4,4,2,2,2,2,3,3,3,2,2,2,2,2,2,2,1,2,1,1,2,2,1,2,1,2,80,126,ES,1,-1,-1,A
1348,2,-1,3,5,4,5,5,1,1,5,1,2,2,2,1,2,4,1,2,1,1,1,1,3,1,1,1,1,1,1,4,1,1,2,1,-1,1,2,1,1,1,2,5,2,4,4,5,2,2,50,195,SI,0,-1,-1,C
1350,2,3,3,1,4,2,2,3,2,5,5,5,4,5,5,4,4,2,2,5,4,1,5,3,4,4,2,1,2,1,2,1,1,3,3,2,5,1,4,1,4,3,3,3,3,3,4,3,3,85,216,GB,0,-1,-1,I
1379,2,1,5,1,1,1,5,1,1,3,5,5,3,5,5,5,5,1,1,3,3,5,5,5,1,1,5,5,1,1,5,1,1,5,1,1,3,1,1,1,1,1,5,1,3,1,1,3,1,95,199,EE,0,-1,-1,I
1393,2,3,2,4,3,1,4,1,1,5,5,5,4,5,5,4,3,3,5,4,3,4,4,4,-1,4,4,4,3,5,3,4,3,1,1,4,2,5,3,1,4,1,1,1,1,2,3,1,1,90,133,SI,0,-1,-1,I
1404,2,3,1,1,1,1,1,2,3,4,2,5,3,5,5,5,4,3,2,5,1,4,2,1,5,1,5,3,2,4,1,2,1,2,1,2,4,1,4,2,5,1,1,2,2,1,3,1,3,100,630,GB,1,-1,-1,I
1408,2,3,2,2,1,2,1,1,2,3,5,2,2,4,4,3,2,4,4,2,2,4,4,2,4,2,4,4,3,5,5,4,2,4,2,4,5,4,4,2,5,2,3,3,4,2,2,1,2,90,187,GB,0,-1,-1,E
1412,2,1,1,1,1,1,1,1,1,5,5,4,5,5,2,5,1,3,2,1,4,3,3,1,1,1,3,1,1,1,1,1,1,1,1,1,1,1,1,1,1,1,1,1,1,1,1,1,1,100,85,SE,0,-1,-1,I
1430,2,3,2,1,1,1,1,1,1,3,5,5,3,4,5,2,4,5,4,4,3,5,4,1,5,3,5,3,2,3,3,4,2,1,2,2,1,3,2,3,2,1,1,1,1,1,3,1,1,75,223,GB,1,-1,-1,I
1453,2,4,3,1,2,2,2,2,2,4,2,3,2,2,2,2,3,3,4,3,2,2,4,2,3,4,4,4,4,4,4,3,4,3,2,4,3,3,4,3,3,2,2,2,2,3,2,2,2,80,316,DE,0,-1,-1,S
1465,2,3,4,2,2,2,2,3,2,4,2,2,2,2,2,3,2,5,2,1,2,2,3,2,2,3,1,1,3,3,3,2,1,2,2,2,3,3,2,3,2,2,2,2,3,2,3,3,2,100,157,GB,0,-1,-1,R
1469,2,-1,3,1,3,2,4,2,2,5,3,3,4,4,4,3,4,4,4,3,4,4,4,4,3,5,4,3,4,4,3,4,3,3,2,4,3,5,4,2,4,3,2,3,2,5,4,2,4,90,149,DE,0,-1,-1,I
1471,2,3,3,1,2,1,2,1,1,5,3,2,5,3,3,2,2,2,2,2,4,5,4,3,3,2,5,3,2,5,4,4,3,1,2,3,1,4,3,1,3,2,1,1,2,2,3,1,1,100,185,GB,0,-1,-1,S
1474,2,4,4,1,1,1,1,1,1,4,4,1,1,1,1,1,1,4,4,1,1,1,1,1,1,4,4,1,1,1,1,1,4,4,4,1,1,1,1,1,-1,4,1,1,1,1,1,1,3,58,61,HR,1,-1,-1,S
1482,2,4,4,5,1,2,3,1,2,3,5,5,4,4,4,4,4,4,5,1,3,5,5,1,1,4,5,3,3,2,2,4,3,1,2,4,2,4,3,1,3,3,4,4,4,4,3,3,4,75,147,GB,0,-1,-1,I
1494,2,3,1,3,3,3,3,3,2,3,4,4,4,3,4,3,4,3,3,3,3,3,3,3,3,4,3,4,3,4,4,4,4,3,4,3,3,3,3,3,3,3,3,3,3,3,4,3,4,80,236,GB,0,-1,-1,S
1498,2,2,4,4,3,3,3,3,3,5,3,4,4,4,3,3,4,2,2,4,3,4,3,3,4,5,4,5,4,4,3,3,2,3,3,3,2,4,3,4,2,2,2,1,1,2,3,2,1,70,222,GB,0,-1,-1,I
1519,2,4,3,3,5,3,3,4,3,5,4,4,3,4,3,3,3,1,3,4,2,1,2,2,2,1,1,1,1,1,1,1,1,1,1,1,1,3,1,1,1,1,1,3,3,3,3,1,1,80,130,PL,1,-1,-1,I
1529,2,1,1,1,2,1,1,1,1,3,4,4,2,3,4,2,4,5,5,4,5,5,5,5,5,3,3,2,2,3,2,5,2,2,3,3,1,4,2,3,4,3,3,3,3,3,1,1,2,85,148,GB,0,-1,-1,A
1554,2,1,1,1,2,1,1,1,1,3,5,1,4,2,4,3,3,3,4,2,4,3,4,5,5,3,2,1,4,3,4,4,3,4,2,3,3,3,3,4,3,1,1,3,2,1,2,1,1,95,1128,GB,1,-1,-1,A
1570,2,1,1,1,4,1,3,1,2,3,4,4,5,4,2,3,4,2,5,5,5,5,5,4,5,4,4,4,2,4,2,4,2,5,1,4,5,2,3,4,4,2,1,2,2,2,2,2,2,70,160,GB,0,-1,-1,A
1601,2,5,2,1,1,1,1,1,1,-1,5,4,1,5,1,3,1,1,1,4,3,3,1,1,3,1,2,2,1,1,1,1,1,2,1,1,1,1,1,1,-1,1,1,1,1,1,1,1,2,90,167,SE,1,-1,-1,I
1616,2,2,1,3,1,1,1,2,2,5,4,4,1,3,3,3,5,3,5,5,4,4,4,5,5,2,3,1,4,1,1,3,1,2,4,2,3,4,5,4,4,1,4,3,4,3,1,1,3,90,211,HU,0,-1,-1,A
1632,2,1,1,1,1,1,1,1,1,3,2,1,3,3,3,3,2,2,3,1,4,4,3,1,2,2,2,3,1,3,3,3,2,4,2,3,1,4,2,3,2,2,1,1,1,1,1,2,2,18,228,GB,0,-1,-1,E
1657,2,3,2,4,2,1,3,1,2,5,3,1,4,5,1,5,5,5,4,2,4,4,5,1,1,3,1,2,3,1,2,2,4,1,1,1,1,2,1,1,1,1,2,1,1,4,2,1,1,90,198,DE,0,-1,-1,I
1663,2,1,1,1,1,1,2,1,1,4,5,4,1,4,2,2,1,1,4,4,1,2,2,4,5,4,5,4,1,4,5,4,1,1,1,2,1,2,1,1,3,1,4,2,3,4,2,1,2,90,112,GB,0,-1,-1,S
1682,2,1,2,2,2,2,2,2,2,5,5,5,3,3,5,3,5,2,5,5,5,5,3,2,5,3,4,2,4,3,5,5,4,2,3,5,4,3,3,3,5,1,2,2,4,2,2,1,3,90,398,SI,0,-1,-1,I
1683,2,2,4,4,4,2,3,2,3,2,2,2,1,1,1,1,2,1,1,1,1,1,1,1,1,1,1,4,3,4,2,1,1,1,2,3,1,4,1,3,1,1,3,1,1,2,3,3,2,90,110,SE,0,-1,-1,R
1687,2,-1,2,1,1,1,2,1,1,1,3,4,1,2,3,2,5,4,3,2,4,3,5,3,3,4,4,3,3,4,3,3,3,3,3,4,2,3,2,4,4,2,1,3,2,4,2,2,3,100,203,SI,1,-1,-1,A
1690,2,3,2,3,3,3,4,3,2,5,4,3,5,4,3,3,3,3,4,4,4,3,3,4,3,4,4,4,4,3,2,4,2,2,2,3,3,4,3,1,2,2,3,3,3,4,3,3,3,99,1323,PT,1,-1,-1,I
1709,2,1,3,1,1,1,1,1,1,1,3,1,1,1,1,1,1,2,3,3,5,4,5,4,3,1,3,4,3,4,5,4,3,2,1,2,3,1,3,5,3,1,1,1,1,1,1,1,1,100,237,GB,1,-1,-1,A
1745,2,1,1,1,1,1,1,1,1,3,1,1,1,2,1,1,1,1,1,1,3,1,1,3,1,5,1,3,4,4,3,3,1,3,5,4,3,5,4,5,3,2,2,3,3,2,3,3,1,100,371,GB,1,-1,-1,E
1751,2,3,4,1,5,1,3,2,2,4,5,4,5,5,4,4,4,2,1,3,3,3,4,4,4,1,4,2,5,1,2,3,3,1,2,2,2,3,3,1,4,2,3,3,3,2,4,3,4,70,266,GB,1,-1,-1,I
1752,2,1,1,1,1,1,1,1,1,1,1,1,1,1,1,1,1,2,2,1,3,4,3,1,4,2,3,4,2,4,2,4,-1,1,1,1,1,1,1,1,1,1,1,1,1,1,1,1,1,90,116,GB,1,-1,-1,A
1754,2,3,4,2,4,3,4,3,1,5,5,4,3,4,3,4,1,3,2,3,3,5,5,4,4,3,3,3,1,3,3,5,4,3,4,2,3,3,3,2,5,1,2,2,2,1,2,2,3,100,265,GB,0,-1,-1,I
1774,2,3,2,1,1,1,1,1,1,4,5,3,5,4,4,4,1,4,5,1,5,5,5,3,2,4,4,3,3,5,3,4,4,2,3,4,2,4,4,3,4,3,3,3,2,3,3,1,3,95,163,GB,0,-1,-1,I
1785,2,2,2,1,1,1,3,1,2,5,4,4,3,4,4,4,3,2,2,4,4,4,3,3,4,1,4,5,4,5,5,5,4,3,3,4,2,1,3,4,5,1,2,2,2,1,1,2,1,80,156,DE,1,-1,-1,S
1798,2,2,1,1,1,1,3,1,1,3,3,3,3,3,3,2,2,1,1,1,1,3,2,3,1,3,1,1,5,1,1,3,1,2,1,1,1,3,1,3,1,1,1,1,1,1,1,1,1,100,164,GB,1,-1,-1,I
1799,2,3,4,4,1,1,4,1,2,4,5,4,5,4,5,3,3,4,4,4,4,4,5,3,4,4,5,2,4,2,4,4,3,2,4,2,3,2,3,4,4,1,1,1,1,1,3,1,1,92,250,GB,1,-1,-1,I
1809,2,1,1,1,4,1,1,1,1,5,5,5,5,5,5,5,5,4,5,5,5,5,5,5,5,2,5,5,4,5,5,5,5,1,1,1,1,3,1,3,5,1,1,1,1,5,1,1,1,100,127,GB,0,-1,-1,I
1820,2,3,1,4,2,2,1,3,2,3,2,1,1,1,1,2,1,2,1,1,4,4,3,1,2,4,2,4,2,4,1,1,3,4,4,3,1,3,1,5,1,2,4,2,3,4,4,3,3,80,176,GB,1,-1,-1,C
1836,2,2,1,1,5,1,4,2,3,4,5,4,4,4,4,2,1,1,1,5,4,4,2,2,1,1,1,1,1,1,1,1,3,1,1,1,4,1,1,1,1,1,1,1,1,1,1,1,1,90,136,GB,0,-1,-1,I
1859,2,1,3,2,3,2,3,3,1,3,3,3,2,4,2,3,1,5,5,3,5,5,5,5,5,2,4,3,4,3,1,3,2,1,1,1,1,1,1,1,1,1,1,1,1,1,1,1,1,80,234,GB,1,-1,-1,A
1861,2,4,4,4,4,3,3,4,2,3,5,3,4,4,2,4,3,1,1,1,1,1,1,2,1,4,4,3,3,3,3,4,1,2,1,3,1,3,3,2,4,3,3,3,3,4,3,3,3,95,373,GB,1,-1,-1,R
1872,2,2,3,2,3,1,3,1,1,5,1,1,2,4,2,4,1,1,5,5,4,5,4,4,5,4,4,4,2,4,1,1,2,1,1,1,2,2,1,1,2,1,3,1,1,1,1,1,1,95,160,GB,0,-1,-1,A
1874,2,4,1,1,3,2,1,2,1,5,5,5,5,5,5,5,5,1,3,4,2,5,2,2,3,4,3,1,4,3,3,3,1,1,2,2,3,2,2,1,4,1,3,2,2,5,4,1,1,90,1759,BY,0,-1,-1,I
1881,2,3,3,1,3,1,1,1,1,5,4,2,1,1,3,1,1,1,1,4,3,2,-1,1,1,4,3,1,4,1,5,3,3,3,4,3,3,1,3,4,3,1,1,3,1,1,1,1,2,80,272,GB,0,-1,-1,S
1897,2,-1,1,1,1,1,1,1,1,4,4,1,4,5,5,5,4,1,1,4,3,5,4,1,4,5,5,4,4,5,4,4,2,2,4,4,1,4,2,3,4,4,3,2,4,5,5,4,4,50,241,GB,1,-1,-1,S
1920,2,1,1,1,2,1,1,1,1,1,1,1,2,1,1,1,1,1,1,4,4,1,4,1,1,4,1,3,3,3,2,1,2,3,4,4,4,5,4,5,1,1,2,2,2,1,1,1,1,98,399,GB,1,-1,-1,E
1925,2,2,1,1,4,1,5,2,2,5,1,3,3,3,2,3,3,4,4,4,4,4,4,3,3,3,4,2,3,1,4,5,1,2,3,3,3,3,3,3,3,4,4,3,4,3,3,3,2,100,492,GB,1,-1,-1,A
1939,2,1,2,2,2,-1,2,2,2,4,4,4,4,4,4,4,3,3,4,4,4,3,4,4,2,3,3,-1,4,4,2,3,2,4,2,2,2,4,2,2,2,2,2,2,2,3,2,2,2,90,84,ES,0,-1,-1,I
1942,2,4,3,2,2,2,2,3,3,3,2,1,2,1,1,2,2,4,2,2,3,5,4,4,4,2,3,2,2,2,4,3,2,2,3,2,3,2,3,3,2,2,4,2,2,4,3,3,2,98,103,GB,0,-1,-1,A
1966,2,3,4,2,3,3,3,3,4,4,3,4,4,3,4,4,4,1,1,1,1,1,2,1,1,2,3,3,4,2,2,2,2,1,2,1,3,1,2,2,2,3,3,3,3,4,3,2,3,80,267,EE,1,-1,-1,I
1996,2,2,3,1,2,1,1,1,1,2,2,2,2,1,2,1,1,3,2,1,2,2,1,5,1,5,4,4,4,3,4,-1,2,-1,3,4,1,5,4,4,3,3,1,3,2,3,1,2,3,65,185,DE,1,-1,-1,S
2007,2,2,2,2,1,1,1,1,2,2,5,4,4,1,1,1,1,3,2,2,3,3,5,2,1,4,4,5,3,5,3,4,2,1,1,3,1,4,2,4,1,2,2,1,4,2,1,2,2,90,264,GB,1,-1,-1,S
2008,2,3,3,5,4,2,4,2,3,4,4,4,4,4,4,4,5,2,2,4,2,2,2,3,4,2,1,2,5,2,2,4,1,4,1,4,1,5,2,2,4,4,2,2,1,5,2,4,3,90,134,GB,0,-1,-1,I
2023,2,1,1,1,2,1,1,1,1,4,2,2,1,2,4,2,4,4,1,4,3,3,2,1,4,4,4,1,1,1,1,3,1,3,2,4,1,3,2,4,3,1,1,2,1,4,4,1,1,70,333,GB,0,-1,-1,A
2029,2,3,4,5,4,1,4,2,1,5,5,5,4,5,5,2,5,1,1,4,2,1,2,1,1,5,5,4,3,5,2,3,1,2,3,4,5,4,1,4,2,5,3,5,5,5,3,5,3,100,192,GB,0,-1,-1,I
2040,2,1,1,1,1,1,1,1,1,2,3,1,1,1,1,1,1,2,1,2,4,2,4,1,1,3,3,1,1,3,4,4,3,2,3,4,1,4,4,2,4,4,1,4,4,3,2,3,1,98,168,GB,0,-1,-1,E
2046,2,3,2,2,4,2,2,2,2,4,4,3,3,4,2,4,4,2,4,4,5,4,5,2,3,2,3,2,4,2,2,3,2,2,2,2,3,3,2,2,2,2,3,2,2,3,5,2,2,100,369,GB,1,-1,-1,A
2047,2,1,2,3,2,1,1,1,1,3,4,4,3,3,3,2,3,4,2,4,5,5,4,1,2,2,2,4,2,5,1,1,1,1,1,2,1,1,4,1,1,1,1,1,1,1,1,1,1,100,143,MT,1,-1,-1,A
2062,2,1,1,1,1,1,1,1,1,4,5,1,1,2,1,1,1,4,5,4,3,5,4,1,3,2,4,3,1,3,4,3,1,1,1,1,1,1,4,1,1,1,1,1,1,1,1,1,1,88,105,HU,0,-1,-1,A
2096,2,2,1,1,2,1,2,2,1,4,3,4,4,3,4,3,4,4,4,4,4,5,5,4,4,4,4,4,4,4,3,4,3,4,3,3,3,5,3,3,3,2,2,2,2,3,3,4,2,75,140,GB,1,-1,-1,A
2113,2,2,2,1,1,2,1,1,1,4,2,5,5,5,4,5,1,5,4,5,5,5,5,5,4,3,2,3,3,3,2,1,1,1,4,4,1,3,3,3,1,1,5,1,1,1,1,1,1,100,104,GB,0,-1,-1,A
2118,2,3,1,1,1,1,1,1,1,4,5,3,3,3,5,2,1,3,3,2,4,4,4,3,3,3,4,5,1,5,1,3,5,2,3,3,1,2,1,1,1,1,3,1,1,1,1,1,1,85,110,GB,1,-1,-1,S
2122,2,2,1,1,5,1,2,3,1,5,5,5,5,4,4,4,3,3,5,5,2,5,4,4,3,2,4,1,1,1,1,2,1,1,2,1,1,1,1,1,1,1,2,1,1,3,5,1,1,94,142,GB,0,-1,-1,I
2151,2,2,1,2,1,1,1,2,2,4,4,4,4,4,3,4,3,3,3,4,5,5,2,3,4,4,4,4,2,5,4,2,4,2,2,4,1,4,2,3,4,3,2,2,2,1,1,1,2,80,386,BY,0,-1,-1,I
2162,2,5,3,3,3,4,3,3,3,3,4,3,2,4,4,4,5,2,2,4,2,4,3,3,4,1,3,1,2,1,1,1,1,1,2,4,1,4,4,1,4,3,4,3,3,4,3,2,3,90,246,GB,1,-1,-1,I
2163,2,2,1,1,3,1,1,2,1,4,2,3,2,3,1,3,3,1,1,2,1,1,3,3,1,1,3,1,3,1,1,1,1,1,1,1,1,3,2,1,1,3,1,3,1,4,3,2,2,80,134,GB,1,-1,-1,I
2167,2,3,3,3,1,1,3,2,4,5,5,5,4,4,5,4,4,2,4,4,4,4,4,4,5,5,4,5,5,5,2,3,3,3,4,3,2,3,3,3,3,1,2,1,1,1,2,2,2,85,234,NO,1,-1,-1,I
2174,2,1,1,1,2,1,2,2,1,4,4,4,3,3,4,3,4,3,3,5,4,4,4,3,4,2,3,4,4,4,3,3,3,2,2,1,3,1,2,2,1,2,3,2,2,1,2,1,1,90,218,GB,0,-1,-1,A
2182,2,4,2,2,1,2,2,2,2,1,1,2,1,2,2,1,5,1,2,3,1,5,1,2,2,2,2,2,3,1,-1,5,2,1,2,3,3,4,2,1,2,1,3,3,3,4,3,3,3,75,275,DE,0,-1,-1,C
2187,2,3,3,1,2,1,2,2,2,4,5,4,3,2,3,3,2,4,4,4,4,4,5,1,5,4,4,3,3,3,2,4,3,1,3,1,1,1,1,1,2,2,3,2,2,2,2,1,2,90,165,DE,0,-1,-1,A
2190,2,2,3,3,3,3,2,2,2,5,4,4,5,4,2,3,4,1,2,2,4,5,1,2,4,5,1,3,4,4,3,3,2,5,5,5,2,5,3,5,5,4,4,5,4,5,5,4,4,80,263,FI,1,-1,-1,E
2193,2,5,4,2,5,1,3,1,1,5,3,5,5,5,4,4,5,2,5,5,5,5,5,5,5,5,5,5,5,5,2,2,5,2,3,5,3,4,4,5,4,1,1,2,3,1,1,1,1,99,915,HR,1,-1,-1,A
2197,2,1,1,2,1,1,1,1,1,4,3,3,2,1,2,2,5,3,4,5,4,4,3,4,5,3,3,3,2,4,1,2,1,2,2,3,3,4,4,4,3,2,1,1,3,2,1,3,2,90,148,GB,0,-1,-1,A
2215,2,1,1,1,1,1,1,1,1,1,5,1,1,1,1,1,1,1,2,2,1,3,1,1,1,3,2,3,2,3,2,4,1,2,3,5,3,5,4,4,3,2,1,3,4,2,3,4,4,100,165,GB,0,-1,-1,E
2226,2,5,3,1,1,1,1,1,3,1,5,3,1,1,4,1,3,1,1,1,1,1,1,1,1,1,1,3,1,1,1,1,3,1,1,2,1,1,1,1,1,1,1,1,1,1,1,1,1,70,624,SI,1,-1,-1,I
2235,2,3,1,1,2,1,3,2,2,4,4,3,2,1,3,1,2,1,4,3,3,3,2,4,3,4,4,3,4,3,5,4,3,2,2,4,3,2,2,3,2,3,2,3,3,2,2,2,2,92,2354,SI,1,-1,-1,S
2246,2,3,1,2,1,2,4,2,2,3,3,3,2,3,4,2,2,4,4,4,4,4,4,2,3,4,4,2,3,-1,3,2,2,4,4,3,3,3,4,4,3,1,2,1,2,2,2,2,2,80,156,DE,1,-1,-1,A
2249,2,1,1,1,4,2,1,2,1,4,4,4,4,4,2,4,-1,2,4,4,3,5,3,2,3,3,5,3,4,3,2,3,4,2,2,2,1,3,2,2,4,1,3,2,2,3,4,2,2,90,257,GB,0,-1,-1,S
2272,2,1,1,1,1,1,5,1,1,3,4,4,5,3,3,2,1,1,3,4,4,5,5,1,4,4,4,5,3,5,4,4,4,1,4,4,2,3,4,1,4,1,1,1,1,2,2,1,1,98,168,GB,0,-1,-1,S
2285,2,2,4,1,5,4,2,4,3,5,4,4,5,5,4,5,5,4,4,4,5,5,5,5,4,4,4,5,5,5,5,2,3,2,2,2,1,5,2,1,1,2,2,2,2,2,5,1,3,70,209,DE,0,-1,-1,I
2297,2,4,5,3,2,3,2,2,3,4,2,-1,5,2,5,4,5,-1,2,4,3,3,1,4,-1,2,3,1,1,4,2,3,2,3,2,4,2,3,4,2,2,4,4,3,4,4,3,2,3,66,72,DE,1,-1,-1,C
2302,2,1,1,1,4,1,1,3,1,4,3,4,5,4,3,3,4,3,1,1,3,3,3,-1,1,3,5,4,4,3,4,4,2,1,1,1,1,3,2,1,-1,1,3,1,3,5,4,3,1,90,206,DE,0,-1,-1,I
2309,2,1,4,2,2,2,2,2,1,4,5,5,2,3,5,5,3,3,2,3,5,5,5,1,5,4,5,4,4,4,3,5,5,1,1,1,1,1,1,1,2,1,2,1,1,2,4,1,1,85,416,FI,1,-1,-1,S
2357,2,1,1,1,1,1,1,1,1,-1,1,1,1,1,1,1,1,1,1,2,1,3,1,1,1,4,5,1,3,2,3,4,2,1,3,2,1,1,2,1,1,1,1,2,4,3,1,1,2,89,388,GB,1,-1,-1,S
2373,2,1,1,1,1,1,1,1,1,1,2,1,4,2,3,4,1,1,3,1,3,2,3,1,3,5,2,3,2,3,3,3,1,1,1,1,1,1,1,2,1,1,1,1,1,1,1,1,1,99,189,NO,0,-1,-1,S
2408,2,1,1,1,1,1,1,1,1,3,4,3,3,2,3,2,3,4,4,4,4,5,4,3,4,3,4,4,3,4,1,1,2,1,2,2,1,2,1,1,2,2,1,1,1,2,1,2,2,85,160,GB,0,-1,-1,A
2420,2,3,1,1,3,3,2,3,2,2,4,3,2,2,3,3,1,2,3,3,4,5,3,3,4,1,2,2,2,3,1,1,1,3,3,2,3,2,3,3,2,3,3,3,3,3,3,3,3,92,176,FI,0,-1,-1,A
2432,2,1,1,1,1,1,3,2,1,4,2,2,2,2,2,2,2,2,4,5,4,5,4,4,4,3,4,3,3,3,4,4,2,1,2,3,2,3,3,4,2,2,1,2,1,1,3,1,1,70,265,DE,1,-1,-1,A
2469,2,2,1,1,2,1,2,2,2,3,3,3,4,3,3,3,3,4,4,2,5,5,4,2,3,5,5,5,3,5,5,5,4,2,2,2,1,2,2,2,2,1,2,1,2,1,1,1,2,97,120,GB,0,-1,-1,S
2482,2,4,2,2,1,2,1,1,1,5,4,3,4,4,2,5,2,1,1,4,2,4,3,3,3,5,3,4,4,4,4,4,3,1,2,3,4,4,4,1,3,2,2,2,4,5,3,1,1,80,164,ES,0,-1,-1,S
2484,2,2,5,2,2,3,5,5,5,4,4,4,4,2,1,2,2,3,3,1,2,2,3,4,4,4,5,5,2,4,2,1,2,2,2,2,5,3,4,3,3,2,4,4,4,2,3,4,2,90,69,DE,1,-1,-1,R
2490,2,4,3,1,2,2,2,2,1,5,5,5,2,3,4,2,1,5,4,5,5,2,5,1,2,5,3,1,5,2,5,4,2,3,2,2,1,5,1,1,4,4,2,2,2,2,3,1,1,95,454,DE,1,-1,-1,A
2498,2,1,1,1,1,1,1,1,1,1,-1,1,1,1,1,1,1,4,5,3,4,4,5,3,5,2,3,1,5,3,5,1,1,1,1,1,2,1,1,1,1,1,1,1,1,1,1,1,1,100,110,GB,1,-1,-1,A
2508,2,3,2,2,3,1,1,1,1,3,3,3,3,3,3,3,3,1,1,1,1,1,1,3,1,2,2,3,2,-1,2,2,2,1,1,3,1,2,1,1,2,3,3,3,3,3,3,3,3,75,170,GB,0,-1,-1,I
2512,2,5,1,1,5,1,1,1,1,5,1,1,5,1,5,5,5,1,1,1,5,5,5,1,1,1,5,1,1,1,1,3,1,1,1,5,1,1,1,1,1,3,5,5,5,5,5,5,1,80,362,SI,0,-1,-1,C
2516,2,4,1,1,2,1,2,3,1,2,4,5,1,5,2,5,3,4,2,1,2,4,5,1,2,1,2,1,4,1,2,1,2,3,3,1,4,2,2,1,4,3,3,2,4,5,5,1,4,90,276,GB,1,-1,-1,I
2545,2,3,1,-1,2,1,2,3,1,4,3,3,2,2,4,-1,2,3,4,4,3,-1,3,2,4,5,5,4,1,4,3,5,4,3,4,3,1,2,3,3,2,1,2,1,1,1,2,2,1,90,145,GB,1,-1,-1,S
2581,2,2,4,4,4,2,3,1,3,4,4,4,4,3,3,4,4,4,2,3,4,3,4,2,-1,3,4,2,2,3,3,4,4,2,2,4,3,4,2,1,2,3,3,5,2,5,3,4,3,85,314,SI,0,-1,-1,I
2587,2,1,2,3,3,1,2,1,1,3,2,2,3,1,2,1,3,3,3,3,4,5,4,4,4,3,3,2,1,3,1,3,2,1,1,1,1,2,1,2,4,1,1,3,2,3,1,1,1,80,215,GB,0,-1,-1,A
2593,2,4,3,1,1,1,1,1,1,4,4,5,4,4,4,4,4,3,3,4,5,3,5,1,4,4,4,5,3,4,4,4,4,1,1,4,1,4,3,1,1,1,1,4,3,3,1,1,1,80,154,ES,0,-1,-1,I
2626,2,1,4,1,1,3,2,3,1,5,5,5,1,4,5,4,3,3,1,3,5,5,5,1,5,3,4,5,3,5,4,5,4,1,1,1,1,1,1,1,1,1,2,1,-1,3,1,1,1,90,235,FI,1,-1,-1,S
2642,2,3,2,3,4,1,2,2,1,4,4,4,5,5,4,4,4,4,1,5,5,4,5,4,3,1,3,1,2,1,1,1,1,1,2,4,1,4,1,1,4,3,4,3,3,4,4,2,3,75,127,GB,0,-1,-1,I
2698,2,2,3,1,3,1,2,2,2,3,3,2,2,2,2,2,2,4,4,4,1,3,2,1,4,5,4,4,2,4,2,4,3,1,1,2,3,3,3,1,2,3,3,3,3,3,4,3,3,90,571,GB,1,-1,-1,S
2729,2,1,2,1,2,1,2,1,-1,4,5,4,4,4,4,4,4,5,5,5,5,5,5,5,5,5,4,5,4,5,4,5,4,3,3,2,5,2,5,3,4,4,3,1,3,1,2,2,4,90,179,ES,0,-1,-1,A
2731,2,2,2,2,2,1,2,2,2,2,3,3,3,3,3,3,4,3,4,4,4,5,4,4,4,2,3,2,3,2,3,2,2,2,2,2,1,2,2,2,3,2,2,2,2,3,2,2,2,81,168,SI,0,-1,-1,A
2734,2,1,1,1,1,1,1,1,1,3,2,2,4,2,2,3,1,3,4,2,4,3,3,5,2,2,3,1,2,3,2,2,2,3,3,1,1,3,3,3,4,2,1,1,1,2,2,3,1,65,146,GB,1,-1,-1,A
2740,2,1,1,1,1,1,1,1,1,1,4,4,1,2,4,1,1,5,5,5,5,5,5,1,4,3,2,3,1,3,2,1,2,2,1,1,1,1,1,1,1,1,1,1,1,1,1,1,1,100,98,GB,0,-1,-1,A
2742,2,3,1,3,2,1,2,1,1,4,3,2,4,3,1,1,4,2,4,2,5,3,4,3,4,4,3,2,3,2,1,1,2,1,1,1,1,4,1,3,2,1,2,1,1,5,3,2,1,90,202,SI,0,-1,-1,A
2790,2,3,1,1,1,1,1,1,1,4,-1,3,1,1,1,1,3,3,5,3,1,5,2,1,3,-1,4,1,2,3,1,1,1,4,1,1,2,3,1,1,1,1,1,1,1,1,3,1,1,80,4787,GB,1,-1,-1,A
2828,2,3,1,2,2,2,2,2,2,3,2,2,2,2,2,2,1,1,2,2,2,3,2,3,1,2,1,2,2,2,2,2,1,3,1,3,2,4,3,3,3,2,2,3,2,3,2,2,3,100,221,GB,0,-1,-1,E
2868,2,3,1,1,2,1,1,1,1,4,3,1,4,3,1,3,1,1,4,5,5,4,3,1,4,1,1,1,2,1,1,1,1,1,5,4,3,4,5,1,2,2,5,2,3,1,3,1,3,100,190,ES,0,-1,-1,A
2882,2,4,3,4,2,1,2,1,2,5,5,5,3,3,4,2,5,2,5,3,4,5,3,4,5,3,4,5,5,4,5,5,3,4,1,2,3,2,3,3,4,2,2,2,3,2,2,2,1,80,106,GB,0,-1,-1,S
2886,2,3,1,1,4,1,3,4,1,4,4,4,4,4,3,4,4,1,2,3,3,4,1,1,2,1,2,4,1,4,4,4,1,1,1,1,1,1,1,1,4,1,3,2,2,3,3,3,1,100,289,GB,1,-1,-1,I
2902,2,4,4,5,2,2,4,2,4,4,3,4,4,3,3,3,4,2,3,4,2,2,3,4,3,5,4,4,4,4,3,3,3,3,3,4,3,3,4,4,3,2,3,3,3,2,4,3,3,90,177,GB,1,-1,-1,S
2906,2,3,1,1,3,1,1,1,3,4,2,4,4,4,3,3,2,4,4,4,4,5,4,4,4,4,3,3,3,5,4,5,3,2,3,4,3,3,3,2,4,2,2,2,4,2,1,1,2,80,189,GB,1,-1,-1,A
2912,2,3,3,1,3,3,2,3,3,4,4,4,5,5,4,4,5,4,3,4,1,3,3,1,3,1,3,1,1,1,1,1,1,1,1,4,1,3,1,3,1,3,3,3,5,5,5,3,5,90,187,SI,0,-1,-1,I
2915,2,1,2,1,2,1,2,1,1,4,5,5,5,5,5,5,4,2,5,4,4,5,3,2,3,4,4,5,4,5,3,5,2,3,4,3,1,4,1,3,1,1,1,1,1,5,3,1,2,100,240,DE,0,-1,-1,I
2917,2,1,1,1,2,1,1,2,1,5,4,4,5,4,3,5,1,1,1,1,1,2,3,1,1,3,4,3,5,3,2,2,3,2,1,2,1,2,1,4,2,2,2,2,1,1,3,2,1,90,127,GB,0,-1,-1,I
2922,2,5,4,1,3,5,4,5,3,2,4,1,1,1,1,1,1,4,3,5,2,3,3,3,4,3,4,2,3,2,3,3,4,2,3,4,4,3,3,3,4,1,4,3,4,1,2,2,4,80,274,GB,1,-1,-1,R
2944,2,3,1,2,2,1,2,2,2,3,2,1,3,2,2,2,2,3,5,3,4,5,5,3,4,3,4,3,3,4,4,4,4,3,3,2,3,3,3,3,4,3,3,1,2,2,1,1,3,50,487,GB,0,-1,-1,A
2950,2,2,1,1,2,1,2,1,2,5,5,4,3,3,4,4,2,5,4,4,4,5,5,3,3,5,3,5,3,5,4,5,3,3,2,3,3,4,3,3,5,2,3,1,4,3,3,2,3,95,211,GB,0,-1,-1,A
3068,2,3,3,3,2,2,2,2,2,4,2,2,2,2,2,2,2,2,2,2,2,2,2,4,2,4,2,3,2,3,2,2,2,4,1,2,2,4,2,3,2,2,2,2,2,2,2,2,2,80,172,GB,1,-1,-1,S
3076,2,2,2,4,1,3,2,3,1,5,5,4,3,2,2,1,4,3,3,4,3,5,3,1,4,5,3,1,2,2,1,1,2,2,1,1,1,5,1,1,3,1,3,1,2,2,1,1,2,80,197,DE,1,-1,-1,I
3085,2,1,-1,1,2,1,1,1,1,2,3,3,1,2,3,2,1,1,4,4,1,4,3,3,4,1,2,1,3,1,2,1,2,1,3,1,1,1,2,1,4,1,1,1,1,1,1,1,1,90,187,GB,0,-1,-1,A
3107,2,1,1,1,4,1,2,1,1,3,3,3,4,4,3,3,4,3,2,3,4,4,5,2,4,3,1,3,3,3,2,2,3,2,1,4,2,5,3,1,4,1,2,2,1,4,4,1,2,90,610,HR,1,-1,-1,I
3118,2,2,1,3,2,2,1,2,2,2,4,3,2,3,3,2,2,1,2,2,2,2,1,3,2,3,3,4,1,3,3,3,2,3,3,4,2,4,4,3,3,3,2,3,3,4,2,3,3,65,167,FI,1,-1,-1,E
3133,2,4,3,4,2,2,2,2,2,3,1,3,1,2,2,1,2,1,1,3,1,2,1,1,3,3,1,1,2,1,1,1,1,3,3,4,3,4,3,4,3,1,3,1,3,3,2,3,3,90,189,GB,0,-1,-1,E
3134,2,3,4,4,1,1,2,1,2,5,5,4,4,5,4,2,5,1,4,5,5,5,5,2,4,4,5,3,4,3,4,3,3,1,1,1,1,3,1,1,1,1,3,1,1,3,1,1,2,90,266,DE,0,-1,-1,I
3172,2,2,2,2,5,2,3,2,2,4,5,3,3,4,3,3,4,1,1,2,1,1,1,2,1,2,3,1,5,2,4,2,2,2,2,3,2,2,2,2,3,1,1,2,2,1,2,1,2,80,186,SI,0,-1,-1,I
3176,2,1,1,3,1,1,2,1,3,1,5,4,1,1,5,1,3,1,1,1,1,1,2,1,1,1,3,3,1,3,2,3,4,1,1,3,3,3,1,1,1,1,-1,3,1,1,2,1,1,100,190,GB,1,-1,-1,I
3181,2,3,2,2,2,1,3,2,3,5,2,5,4,5,5,5,5,3,2,5,2,5,2,2,5,4,5,3,3,4,2,2,1,4,2,3,5,1,3,2,5,3,2,-1,3,1,3,2,3,100,255,GB,1,-1,-1,I
3189,2,1,1,4,4,1,1,1,1,1,3,1,1,1,1,1,1,1,1,1,4,4,1,1,1,1,3,1,1,1,1,1,1,1,1,1,1,3,1,1,1,1,2,2,1,2,2,1,1,95,196,NO,1,-1,-1,R
3207,2,1,5,5,5,1,4,4,5,4,5,4,3,3,1,2,4,2,5,5,5,5,4,5,5,5,5,4,5,5,4,5,5,1,2,1,3,2,2,1,3,1,2,1,1,1,2,1,1,10,288,GB,0,-1,-1,S
3217,2,1,1,1,1,1,1,1,1,5,4,5,5,3,3,1,1,3,4,5,2,3,3,3,1,5,5,5,5,5,4,3,2,1,1,3,1,5,3,1,1,1,1,3,1,5,1,1,1,100,146,DE,1,-1,-1,S
3222,2,1,2,1,2,1,3,1,2,4,4,4,2,3,4,3,4,2,3,5,4,4,3,3,5,2,3,3,5,2,3,3,2,3,3,5,3,3,3,3,2,2,2,1,2,1,1,2,1,85,151,GB,1,-1,-1,A
3227,2,2,2,1,1,1,2,2,2,4,4,2,4,3,2,3,1,2,3,2,2,2,2,2,2,3,3,3,2,4,2,2,3,1,2,3,2,-1,2,2,2,3,2,2,3,2,2,3,2,70,132,GB,0,-1,-1,I
3253,2,1,1,1,1,1,1,2,1,3,4,3,3,2,3,2,1,4,4,3,3,5,4,4,2,4,4,4,4,5,4,5,4,3,3,4,3,4,3,3,4,2,1,1,2,2,3,3,1,80,146,GB,0,-1,-1,S
3259,2,2,2,3,2,2,2,3,2,4,5,4,3,4,4,4,3,4,4,3,4,4,3,2,3,3,2,3,3,3,2,4,1,2,2,2,2,2,2,2,3,2,3,2,3,3,2,3,2,70,178,NO,0,-1,-1,I
3265,2,1,2,4,2,3,3,2,2,5,3,3,3,3,3,3,4,4,3,2,2,2,4,4,2,1,3,2,1,1,2,2,1,2,2,1,1,2,1,1,2,1,1,1,1,2,3,1,1,90,181,SI,0,-1,-1,I
3293,2,1,1,1,1,1,2,1,1,1,1,1,1,1,1,1,1,1,5,3,5,5,4,1,5,2,4,2,2,4,4,5,2,1,4,1,1,3,1,3,1,1,2,1,2,3,3,1,1,95,160,GB,0,-1,-1,A
3321,2,4,3,1,4,2,3,3,3,3,2,1,4,2,1,3,2,4,5,4,4,4,5,5,5,3,5,2,5,3,5,5,3,5,3,4,4,3,5,5,5,3,2,2,4,3,5,5,3,80,227,DE,1,-1,-1,A
3330,2,3,1,2,3,1,1,2,1,-1,2,3,4,3,2,4,3,3,3,3,3,4,2,1,2,5,2,2,3,5,2,4,1,2,1,4,3,5,4,3,4,2,2,3,3,3,3,3,3,80,229,DE,1,-1,-1,E
3332,2,2,4,3,1,1,2,3,3,5,5,2,2,4,2,5,1,3,3,1,2,2,1,5,3,1,3,3,2,2,1,2,1,1,1,1,1,2,1,1,1,4,1,1,1,1,3,1,1,85,193,GB,1,-1,-1,I
3334,2,1,2,1,1,1,1,1,1,5,1,3,4,5,3,5,1,1,1,1,1,1,1,5,1,1,5,3,5,1,5,5,3,1,1,1,3,4,1,1,3,1,1,1,1,1,1,1,1,100,120,GB,0,-1,-1,S
3348,2,1,1,1,1,1,1,1,1,1,3,1,1,1,2,1,1,1,1,1,4,4,1,1,1,3,4,2,3,3,2,3,1,1,1,1,4,1,1,1,1,1,1,1,1,1,1,1,1,90,133,GB,0,-1,-1,S
3351,2,1,3,1,1,1,1,1,1,5,5,5,4,5,5,5,3,1,4,2,1,4,1,4,4,4,3,1,5,1,4,3,1,1,1,1,1,1,1,1,4,1,1,1,1,1,2,1,1,100,136,DE,0,-1,-1,I
3379,2,5,3,2,2,1,3,2,1,3,4,5,3,4,4,5,3,2,3,4,2,4,4,3,2,5,2,3,2,3,2,2,2,1,2,1,2,2,2,1,2,3,4,3,3,3,2,1,3,90,486,SI,0,-1,-1,I
3383,2,3,1,1,2,1,1,4,1,1,1,1,3,1,3,2,1,1,1,3,4,1,1,4,1,1,3,1,1,1,2,1,2,3,2,4,3,2,2,4,3,4,4,-1,-1,4,3,3,3,75,1724,NO,1,-1,-1,E
3385,2,2,1,1,2,1,1,2,1,3,4,4,3,3,2,3,2,3,3,4,4,5,4,2,4,4,4,3,2,3,2,4,3,2,2,3,2,1,2,3,2,2,2,4,4,1,2,1,4,95,317,GB,0,-1,-1,A
3393,2,3,4,3,5,3,4,3,2,5,5,5,5,5,5,5,5,1,2,2,2,4,2,1,4,4,3,1,4,2,-1,4,3,2,2,4,2,4,4,4,4,3,3,3,3,5,4,3,3,85,162,FI,0,-1,-1,I
3421,2,3,1,1,1,1,1,1,1,5,5,4,4,2,3,3,1,3,4,5,5,3,5,2,3,5,1,5,5,5,1,1,1,4,1,3,5,5,1,5,1,4,4,2,3,1,1,3,1,80,1681,ES,0,-1,-1,A
3430,2,3,1,1,1,1,1,1,1,4,2,2,1,4,1,5,1,1,2,1,4,5,4,1,1,1,5,3,1,3,4,5,5,1,3,1,1,1,3,1,5,1,3,1,1,1,4,3,1,99,129,GB,0,-1,-1,S
3458,2,3,1,1,1,2,2,2,1,2,4,2,3,3,1,3,1,4,4,5,5,1,4,5,4,5,5,5,5,5,5,5,5,3,3,4,5,3,5,3,5,2,4,2,3,1,4,2,2,100,180,ES,0,-1,-1,S
3471,2,3,3,1,2,1,2,2,2,5,3,4,4,4,3,3,3,1,2,4,1,2,2,1,4,3,3,4,2,4,3,3,4,3,2,3,3,4,3,3,3,2,3,2,3,3,3,2,3,95,196,GB,1,-1,-1,I
3479,2,1,4,2,4,1,1,5,1,1,1,1,1,1,1,1,1,1,1,5,5,1,5,1,1,3,1,1,3,1,5,1,1,1,1,4,1,1,1,1,5,1,1,1,1,1,1,1,1,100,566,GB,1,-1,-1,A
3485,2,2,4,3,3,3,4,2,4,4,5,4,5,4,5,3,5,3,4,5,4,4,5,4,5,4,3,4,4,3,1,4,1,2,2,2,3,3,3,3,3,2,2,2,2,4,3,2,2,80,145,GB,1,-1,-1,I
3509,2,1,2,3,2,1,1,2,1,3,4,4,1,4,3,2,1,1,1,2,2,5,2,3,1,3,5,1,3,2,4,3,4,1,2,1,1,1,1,1,2,1,2,2,1,3,1,2,3,80,274,HR,0,-1,-1,S
3510,2,2,3,2,2,1,3,1,3,4,3,3,3,4,3,4,3,4,1,3,5,3,5,5,3,4,5,2,1,3,1,2,2,2,3,3,2,1,4,1,1,1,3,1,1,2,3,1,1,90,676,GB,0,-1,-1,A
3526,2,4,1,1,4,1,1,3,1,5,5,4,4,4,2,5,1,5,2,5,5,5,5,1,5,3,3,1,5,5,5,2,1,1,1,5,5,5,5,1,5,3,2,3,3,4,2,3,3,100,207,SE,0,-1,-1,A
3536,2,4,4,2,2,2,2,2,3,4,4,4,4,4,2,3,2,3,4,4,3,4,3,1,3,4,3,3,4,4,4,4,2,3,3,5,2,4,4,4,3,4,2,3,2,2,2,3,3,85,178,SI,0,-1,-1,S
3538,2,1,1,1,1,1,1,1,1,2,3,1,1,1,2,1,1,1,1,1,1,1,1,1,-1,3,1,3,1,3,1,3,2,1,1,1,1,2,1,1,1,4,2,2,4,3,1,1,3,95,103,GB,1,-1,-1,C
3582,2,3,1,1,1,1,1,1,1,1,5,5,5,5,5,5,1,1,4,5,1,5,5,1,5,4,5,5,1,5,3,5,1,1,1,1,1,1,1,1,2,4,4,5,4,3,1,3,3,100,250,GB,0,-1,-1,I
3585,2,1,1,3,3,2,4,3,1,4,5,3,4,3,4,3,2,4,5,2,4,4,3,3,3,5,3,3,2,3,2,2,1,3,1,3,1,3,3,3,4,1,1,2,1,2,4,1,1,70,190,GB,1,-1,-1,I
3638,2,2,3,1,2,1,3,1,1,2,3,1,1,1,3,1,3,1,2,3,3,5,1,1,4,3,3,1,1,1,1,1,2,3,3,5,1,5,5,1,5,3,3,3,3,4,3,1,4,80,152,GB,0,-1,-1,E
3666,2,4,4,1,3,2,4,3,4,4,4,3,4,4,4,4,5,3,5,5,5,5,4,3,5,5,5,5,5,5,4,4,2,1,1,5,5,4,5,2,5,2,3,3,4,4,4,2,4,95,170,GB,0,-1,-1,A
3704,2,4,1,2,3,2,3,3,2,5,4,4,5,5,4,5,5,3,4,4,4,5,4,4,3,2,1,1,3,1,2,2,1,3,2,4,1,4,3,3,4,4,4,4,3,5,5,3,4,100,260,PL,0,-1,-1,I
3705,2,1,1,1,1,1,1,1,1,1,3,3,2,3,2,4,4,1,1,1,2,4,2,2,1,1,1,1,1,1,1,1,1,1,1,1,1,1,1,1,1,1,1,1,1,2,3,1,1,80,97,FI,0,-1,-1,I
3714,2,1,3,1,1,1,2,4,1,3,3,1,1,1,1,1,1,1,4,5,3,4,3,4,4,4,5,5,5,5,5,4,4,1,4,5,3,5,4,1,5,3,3,5,5,5,5,3,3,95,332,DE,1,-1,-1,S
3717,2,3,1,4,3,1,3,1,1,4,2,2,4,3,4,4,1,1,3,5,5,5,5,5,5,1,2,3,5,2,4,5,4,1,1,1,1,4,1,4,4,1,5,5,2,1,3,1,1,73,195,SE,1,-1,-1,A
3728,2,1,3,3,1,1,3,1,2,5,4,5,5,5,3,4,4,1,4,4,1,4,2,3,4,4,5,4,1,3,1,2,4,1,1,3,1,1,1,1,3,1,1,1,3,1,4,1,2,70,123,GB,0,-1,-1,I
3730,2,5,3,4,4,4,3,5,3,4,3,2,5,3,4,3,4,2,4,3,3,3,5,3,3,5,5,5,3,4,4,3,4,3,5,5,1,5,5,3,4,3,5,5,4,5,5,4,5,80,157,GB,1,-1,-1,C
3737,2,3,1,1,4,3,3,3,2,3,3,1,2,3,1,1,2,1,5,3,5,5,3,3,5,3,5,3,5,5,3,4,3,1,4,3,3,3,3,3,3,1,4,3,3,3,5,2,3,85,123,GB,1,-1,-1,S
3743,2,2,2,3,5,1,3,1,1,5,2,3,3,3,2,2,3,5,3,-1,5,2,5,2,3,3,3,3,3,3,4,3,3,3,2,2,1,3,1,1,3,1,1,1,1,1,5,1,1,98,174,SI,0,-1,-1,S
3745,2,1,1,1,1,1,1,1,1,4,2,4,4,5,1,4,1,1,4,1,1,5,1,1,1,2,3,4,1,4,1,1,3,1,4,1,1,5,4,4,1,1,1,1,1,3,1,1,1,90,147,GB,0,-1,-1,I
3749,2,3,1,3,3,3,3,3,3,-1,3,3,3,3,3,3,3,1,2,2,2,3,3,3,3,3,2,3,3,3,3,3,3,3,3,3,3,3,3,3,3,2,3,3,3,3,3,3,3,5,124,FI,1,-1,-1,E
3765,2,3,3,3,2,2,3,2,2,3,2,2,2,2,2,2,2,3,3,2,2,2,2,3,3,4,2,2,3,4,2,3,2,2,2,2,2,2,2,3,2,1,2,2,2,2,2,2,2,85,405,GB,1,-1,-1,S
3767,2,4,2,3,5,2,3,3,2,4,4,4,4,5,4,4,4,1,1,2,3,1,3,2,1,2,1,1,1,1,1,1,1,1,1,4,1,2,2,1,1,3,4,4,2,4,4,2,3,95,91,GB,0,-1,-1,I
3811,2,3,4,3,1,3,3,3,3,2,1,1,1,1,1,1,1,4,3,3,3,2,3,2,3,3,2,2,4,4,2,1,1,1,2,4,3,4,3,1,2,4,3,3,4,3,3,4,4,80,339,GB,1,-1,-1,C
3817,2,3,1,1,3,1,1,1,1,4,1,4,3,5,4,4,4,2,5,5,2,5,2,3,5,4,2,2,1,3,2,3,1,3,2,2,2,4,2,3,2,1,2,3,2,2,2,2,1,95,114,HR,0,-1,-1,I
3846,2,5,2,4,5,5,5,4,-1,3,2,2,3,2,3,2,3,3,4,5,2,2,3,2,2,4,4,1,4,3,3,3,5,3,4,5,2,5,5,3,5,3,5,3,4,5,5,3,2,100,158,GB,0,-1,-1,E
3866,2,3,2,3,3,2,2,2,2,4,5,4,4,4,3,3,5,4,3,5,5,5,4,1,5,4,4,5,2,5,3,4,4,1,1,3,1,2,1,1,3,2,2,3,2,4,3,3,3,90,141,GB,0,-1,-1,I
3883,2,3,4,3,3,2,2,1,2,2,3,3,3,2,2,2,2,2,2,4,3,3,3,3,3,2,1,2,2,1,1,1,1,2,1,3,2,2,2,2,3,3,3,3,3,2,2,2,1,99,167,GB,0,-1,-1,A
3904,2,3,1,1,3,1,3,2,1,4,4,4,2,4,4,4,4,4,4,3,5,5,5,1,3,1,2,1,4,1,1,1,1,1,1,1,1,1,1,1,1,1,1,1,1,4,4,1,1,80,119,GB,1,-1,-1,I
3920,2,3,4,3,3,2,4,2,4,3,3,4,3,3,3,3,4,3,4,5,3,5,3,5,4,4,4,1,5,4,4,5,3,1,1,1,3,3,2,1,3,1,1,1,2,4,4,1,2,80,126,GB,0,-1,-1,A
3934,2,2,2,1,2,2,1,2,1,1,1,1,2,2,1,1,1,1,2,4,3,2,3,1,4,2,1,1,3,1,2,1,1,2,3,2,3,2,3,2,2,2,2,2,2,2,2,2,1,75,195,GB,1,-1,-1,A
3940,2,3,1,4,1,1,1,1,1,4,3,1,4,4,4,4,4,1,1,3,1,4,1,1,1,3,1,4,1,4,1,2,4,4,4,2,4,4,4,1,3,3,1,1,2,1,1,3,1,90,166,GB,1,-1,-1,I
3952,2,3,3,1,2,4,3,3,3,4,5,5,4,2,4,4,4,2,2,1,1,1,2,2,1,4,1,4,2,4,1,1,2,2,2,3,1,3,2,3,2,1,1,1,2,3,2,2,2,90,329,GB,0,-1,-1,I
3954,2,3,2,1,2,3,3,2,3,4,2,2,2,2,2,2,2,2,2,2,2,1,2,2,2,4,3,2,3,3,4,3,3,4,4,4,3,4,3,4,4,4,2,3,4,2,4,4,3,90,172,GB,0,-1,-1,E
3972,2,1,1,3,1,1,1,1,1,2,2,2,1,1,1,1,1,2,3,3,4,5,2,1,1,1,1,1,1,1,1,1,1,1,1,1,1,1,1,1,1,1,1,1,1,1,1,1,1,100,88,GB,0,-1,-1,A
3976,2,5,3,5,4,3,2,4,3,4,4,2,5,3,4,3,4,3,4,2,3,3,4,4,3,5,5,4,4,4,3,5,4,4,5,5,1,5,4,4,3,4,5,5,4,5,5,5,5,80,131,GB,0,-1,-1,C
3979,2,1,1,3,4,1,3,1,1,5,3,3,5,5,4,4,4,1,3,4,2,5,2,2,2,1,4,2,1,1,2,1,1,1,3,1,1,1,2,1,1,1,1,1,1,3,3,1,1,23,140,GB,0,-1,-1,I
4049,2,3,4,2,3,3,3,3,3,4,5,5,4,4,4,4,4,3,2,3,4,4,5,3,3,3,5,4,3,4,3,4,3,3,2,3,3,3,1,2,3,3,3,2,2,3,3,2,2,40,153,GB,0,-1,-1,I
4050,2,4,4,1,4,2,4,1,4,5,5,4,5,4,4,4,5,4,5,5,5,5,5,5,5,2,5,4,2,2,4,4,3,1,1,3,2,1,1,1,4,1,1,2,1,4,2,1,1,70,117,GB,0,-1,-1,A
4052,2,2,1,1,1,1,1,-1,1,5,3,3,4,4,4,3,3,3,4,3,4,4,4,3,3,1,4,1,3,1,1,1,1,2,2,3,1,1,1,1,1,1,2,1,2,1,1,1,1,80,159,GB,1,-1,-1,I
4084,2,4,4,3,5,2,4,2,2,3,3,2,4,2,3,2,3,4,4,2,4,3,4,2,2,5,5,3,2,4,4,3,4,3,3,4,1,5,2,2,4,-1,2,3,3,3,3,2,3,80,165,GB,0,-1,-1,S
4085,2,3,3,1,3,1,2,1,1,4,4,3,3,3,2,2,1,3,3,3,3,3,3,2,1,5,5,5,4,5,4,3,3,1,1,1,1,2,2,1,2,1,3,1,3,2,2,1,1,98,299,NO,1,-1,-1,S
4087,2,3,1,5,5,3,3,3,3,4,3,4,5,3,5,4,5,2,2,3,4,2,4,5,5,1,3,2,4,2,4,4,5,1,1,2,2,3,2,4,5,1,2,2,2,3,3,4,3,85,298,GB,1,-1,-1,I
4089,2,2,2,1,3,1,2,1,1,4,5,1,4,2,5,4,4,2,4,3,3,4,5,5,3,5,2,2,2,5,2,1,1,2,3,2,1,5,2,5,1,2,2,2,1,5,3,2,1,100,335,DE,0,-1,-1,I
4109,2,2,1,1,1,1,1,1,1,5,5,5,3,3,-1,1,1,1,2,4,1,1,1,5,1,1,3,1,2,1,1,1,1,3,1,2,4,1,4,1,1,1,1,1,1,1,1,1,1,80,131,GB,1,-1,-1,I
4115,2,1,4,2,1,1,1,1,1,1,4,1,1,1,2,1,1,2,3,3,2,5,2,2,1,2,1,1,3,3,2,2,2,1,1,1,1,3,1,1,2,1,1,1,1,1,1,1,1,95,164,GB,0,-1,-1,A
4124,2,3,4,2,4,1,4,3,4,4,5,4,3,3,3,3,3,3,4,4,4,4,4,4,5,5,4,3,4,3,1,4,4,1,1,2,3,1,3,3,3,1,3,1,1,1,3,1,1,70,205,GB,1,-1,-1,A
4136,2,1,2,2,1,1,1,1,2,4,3,3,3,3,3,3,3,2,3,3,4,4,4,1,4,3,4,2,3,3,2,4,2,2,2,3,2,3,2,2,3,1,2,1,2,2,1,1,1,90,147,GB,0,-1,-1,I
4139,2,2,4,2,2,2,3,2,2,3,4,4,2,2,3,2,2,4,4,4,3,3,3,3,3,3,4,3,5,3,4,2,3,3,2,3,2,4,3,2,3,2,2,2,2,3,4,3,2,70,174,GB,1,-1,-1,A
4142,2,1,1,1,1,1,1,1,1,1,1,1,1,1,1,1,1,1,1,1,1,1,1,1,1,1,1,1,1,3,1,1,1,1,1,1,1,3,1,1,1,1,1,1,1,1,1,1,1,95,114,SE,0,-1,-1,S
4152,2,4,3,4,4,1,4,1,3,5,3,4,4,3,4,4,5,1,3,2,2,4,3,4,3,4,5,3,2,4,2,3,3,1,2,3,2,4,3,2,3,1,1,5,1,3,3,2,2,80,161,PL,0,-1,-1,I
4162,2,5,1,1,1,1,1,1,1,1,4,4,1,1,3,1,1,1,1,2,1,1,1,1,1,1,5,5,5,5,5,5,4,3,1,1,1,1,1,1,3,1,1,1,5,1,1,1,1,80,152,MT,0,-1,-1,S
4177,2,2,3,4,1,1,1,1,1,2,1,1,1,1,1,1,4,1,5,2,3,5,1,3,4,4,5,5,5,5,1,4,1,3,1,5,2,5,3,1,1,1,1,1,3,1,1,1,1,95,134,GB,1,-1,-1,S
4182,2,1,1,1,3,1,1,1,1,5,3,3,4,5,2,4,2,3,4,4,4,5,3,4,5,4,4,2,2,4,2,3,2,2,1,1,1,3,2,1,3,1,1,1,1,3,2,1,2,85,159,DE,1,-1,-1,A
4184,2,2,2,3,3,2,3,3,4,2,4,4,4,4,4,4,5,1,3,4,4,5,2,3,5,2,2,2,4,3,3,4,2,3,2,3,3,3,3,3,3,3,2,3,3,5,4,5,5,100,417,PL,0,-1,-1,I
4193,2,5,4,1,4,2,4,2,4,3,5,5,4,5,5,4,4,4,3,3,5,4,5,2,5,3,5,4,3,3,4,4,3,2,3,4,1,3,2,3,3,1,1,1,2,1,1,1,1,80,219,SI,0,-1,-1,I
4194,2,4,4,1,1,1,4,1,1,5,5,3,1,1,5,1,1,4,5,5,4,5,4,3,4,5,4,3,3,1,1,4,3,1,2,4,2,4,3,4,1,1,3,1,1,4,2,1,3,100,172,GB,0,-1,-1,A
4218,2,5,5,3,5,2,5,4,5,2,2,2,2,3,2,2,2,1,3,3,2,3,3,3,4,3,2,-1,1,1,2,1,1,1,1,4,1,4,2,1,1,4,4,4,4,4,4,4,4,90,95,GB,0,-1,-1,R
4221,2,4,1,2,2,2,4,2,3,5,2,4,2,1,1,1,1,3,5,2,2,4,4,1,2,4,2,4,4,4,1,4,3,4,2,5,2,5,1,1,4,5,2,5,5,4,4,4,5,70,265,SE,0,-1,-1,C
4233,2,1,1,1,2,1,2,1,1,2,4,5,4,3,5,2,1,5,5,3,5,5,5,2,3,2,4,4,4,4,4,5,2,1,2,2,2,1,2,2,3,1,1,1,1,1,1,1,1,98,268,GB,0,-1,-1,A
4245,2,1,1,1,1,1,-1,1,1,4,3,4,5,5,2,5,4,1,1,1,4,3,4,1,1,1,1,1,1,1,1,1,1,1,3,1,1,3,3,1,3,1,1,1,1,1,1,1,1,85,106,GB,0,-1,-1,I
4266,2,3,1,1,2,1,1,3,1,4,5,5,5,4,3,3,2,2,2,2,2,4,3,2,4,4,5,4,3,4,2,2,3,2,4,4,4,4,4,2,4,3,-1,4,3,4,4,2,3,80,236,ES,0,-1,-1,I
4294,2,1,1,2,2,1,2,1,2,4,5,5,4,4,4,2,4,2,2,2,2,4,2,2,2,2,2,2,1,2,1,3,2,2,1,3,2,4,2,2,2,3,2,3,3,5,2,2,2,90,106,GB,0,-1,-1,I
4304,2,4,1,1,3,1,1,1,1,5,4,4,4,4,4,3,1,3,2,3,1,3,2,1,4,5,2,3,3,4,3,3,1,1,2,2,1,4,3,4,3,3,3,3,4,4,2,3,3,90,290,DE,1,-1,-1,I
4316,2,4,3,1,4,3,3,2,3,5,5,5,5,5,5,4,5,4,5,5,5,5,5,4,5,5,4,4,5,4,4,4,4,3,3,5,1,5,3,3,4,2,3,1,1,3,4,1,3,95,317,ES,1,-1,-1,I
4318,2,3,1,3,2,1,3,2,1,3,1,1,4,2,2,2,2,4,4,4,4,4,4,4,4,5,4,4,4,3,3,3,3,5,3,4,3,4,3,3,4,3,3,4,3,-1,3,3,3,90,162,GB,0,-1,-1,A
4321,2,1,3,2,1,1,1,1,1,2,4,2,1,3,3,2,2,1,4,2,3,4,3,1,4,2,3,2,2,2,2,2,2,3,1,4,3,3,3,4,4,2,1,1,1,1,1,1,1,82,133,GB,0,-1,-1,E
4326,2,3,2,2,4,4,3,4,3,2,2,2,2,2,2,2,2,1,1,2,1,2,2,2,2,3,3,2,2,2,3,2,1,3,2,3,2,2,3,3,3,4,3,4,3,4,4,4,3,95,133,GB,0,-1,-1,C
4338,2,1,1,2,1,1,1,1,2,5,5,4,3,2,4,2,1,4,5,5,5,5,4,3,5,2,2,3,2,2,2,1,1,1,3,1,3,3,4,2,4,1,3,2,1,1,1,1,1,95,106,PT,0,-1,-1,A
4383,2,3,5,3,4,4,4,3,4,1,4,3,3,2,4,2,4,3,4,4,3,3,2,3,4,4,4,2,4,2,3,2,4,4,4,5,4,5,4,4,5,4,4,4,4,3,4,4,4,80,145,SI,0,-1,-1,E
4400,2,1,1,2,3,1,3,1,1,5,4,4,3,4,4,4,5,1,1,2,3,3,3,4,3,4,3,1,4,2,2,2,3,2,1,2,1,1,1,3,2,1,1,1,1,1,3,2,1,90,190,ES,1,-1,-1,I
4426,2,1,1,1,1,1,1,1,-1,1,1,1,1,1,1,1,1,1,1,1,1,1,1,1,1,1,1,3,1,3,1,1,4,1,1,1,1,2,1,1,1,1,1,1,1,1,1,1,1,50,133,GB,1,-1,-1,S
4436,2,1,4,4,4,2,4,2,2,4,4,4,4,4,4,4,3,2,2,3,3,5,4,1,3,5,3,3,4,5,4,4,3,1,1,4,2,4,3,2,4,4,2,4,3,5,4,3,3,85,251,GB,0,-1,-1,I
4475,2,3,2,4,2,2,3,2,1,5,4,5,5,5,4,4,5,2,4,1,1,5,2,1,3,5,3,2,4,2,2,2,1,1,1,5,1,4,1,1,2,5,5,4,4,5,3,4,4,96,284,HU,0,-1,-1,I
4495,2,2,1,1,3,1,4,1,2,4,1,1,3,3,1,1,3,1,4,2,4,5,5,4,2,5,2,5,2,5,5,4,2,3,1,2,-1,4,2,3,4,1,1,1,2,2,1,2,2,85,152,GB,0,-1,-1,S
4506,2,4,1,2,1,2,2,1,2,2,4,3,4,3,2,2,2,2,3,3,3,4,3,2,2,5,4,4,4,4,2,3,3,4,2,2,3,3,2,3,1,1,1,1,1,1,1,2,-1,90,206,FI,0,-1,-1,S
4523,2,3,2,4,4,1,3,2,4,5,3,2,5,2,4,3,2,1,2,4,4,2,2,5,2,3,4,3,5,3,4,4,2,3,3,5,3,4,5,3,2,2,4,4,5,5,3,5,3,80,175,SI,0,-1,-1,C
4531,2,5,5,1,1,1,5,1,5,5,5,2,4,4,4,2,2,2,5,5,5,5,5,3,5,5,5,5,5,5,5,5,3,1,1,1,1,1,1,1,1,1,1,1,1,1,1,1,1,100,170,GB,0,-1,-1,S
4544,2,3,2,4,5,1,2,1,1,5,4,5,5,5,4,-1,5,3,3,4,3,5,4,4,3,4,4,1,1,1,1,1,1,2,2,3,1,2,1,1,1,1,4,1,4,4,5,4,3,98,209,PT,0,-1,-1,I
4550,2,4,3,4,4,3,3,4,2,4,3,3,4,4,2,5,2,1,1,1,1,1,1,2,1,3,2,1,3,1,1,2,1,1,3,1,1,2,3,2,2,3,4,4,4,4,4,4,4,80,197,FI,0,-1,-1,C
4559,2,3,1,1,1,1,1,1,1,1,1,2,1,1,1,1,1,1,1,2,1,5,1,1,1,1,2,1,1,3,1,3,1,1,2,3,1,2,2,1,1,3,3,4,3,5,3,1,3,85,105,DE,0,-1,-1,C
4564,2,4,3,3,4,1,3,2,2,3,3,4,5,4,3,3,4,1,1,2,2,2,3,3,4,1,1,2,3,1,2,2,2,3,1,4,1,5,3,1,2,3,4,5,3,5,4,3,3,80,112,GB,0,-1,-1,C
4566,2,1,1,1,1,1,1,1,1,5,1,1,1,1,1,1,1,1,1,2,1,1,1,1,1,2,3,3,5,2,1,1,3,1,1,1,4,1,1,1,1,1,1,1,1,1,1,1,1,95,147,GB,1,-1,-1,S
4569,2,1,2,1,2,2,2,2,2,4,5,5,4,5,5,4,4,4,4,5,5,5,5,4,5,2,4,2,3,3,4,5,2,2,4,2,2,2,3,2,4,1,2,1,2,2,2,2,2,90,106,GB,0,-1,-1,A
4577,2,4,1,4,1,1,3,1,1,4,4,4,3,4,4,2,2,4,3,3,4,2,4,2,1,5,3,4,3,3,3,1,1,4,1,2,2,4,1,1,1,1,1,3,1,3,1,1,1,100,134,GB,0,-1,-1,I
4582,2,3,2,1,2,1,2,1,2,5,5,4,5,4,5,3,2,3,3,5,5,5,5,5,3,3,4,1,4,3,1,3,2,2,2,4,3,4,4,1,4,1,3,2,2,2,3,1,1,90,180,GB,1,-1,-1,A
4601,2,1,1,1,1,1,1,1,1,4,1,1,3,1,1,1,1,1,1,1,1,1,1,1,1,2,1,1,4,1,1,1,1,1,1,3,1,1,1,1,1,1,1,1,1,1,1,1,1,95,139,GB,0,-1,-1,I
4607,2,3,4,1,3,3,3,3,3,3,4,4,2,4,4,4,3,2,4,4,5,5,5,1,5,1,3,1,4,1,1,2,1,1,3,3,1,4,2,1,3,4,4,3,4,4,3,2,3,75,361,SE,1,-1,-1,A
4614,2,4,4,3,-1,3,2,2,3,4,5,5,2,3,5,3,5,4,2,4,4,2,3,4,3,5,3,3,3,3,3,3,3,3,2,2,2,2,2,2,3,2,2,2,2,2,2,2,3,90,181,GB,1,-1,-1,I
4615,2,5,5,3,5,1,4,2,5,4,4,4,3,3,4,3,3,3,5,3,3,4,3,5,4,3,3,1,4,3,5,4,3,3,1,4,3,2,3,3,5,1,1,1,2,1,3,2,1,100,192,SI,0,-1,-1,R
4641,2,3,1,1,2,1,1,1,1,1,1,1,1,1,1,1,1,1,2,5,3,4,3,2,3,3,4,3,3,4,3,4,3,1,3,3,3,3,3,2,3,1,1,1,1,1,2,1,2,80,239,GB,1,-1,-1,S
4661,2,3,5,1,1,2,3,1,2,2,5,4,2,2,1,2,-1,1,1,5,2,1,4,2,4,5,2,4,2,4,3,2,3,1,3,3,5,2,5,-1,1,2,2,2,4,1,2,3,2,90,537,SI,0,-1,-1,S
4666,2,1,1,1,1,1,1,1,1,2,3,2,1,1,1,1,1,2,1,1,1,3,1,1,1,5,4,3,4,4,2,4,3,3,2,3,4,3,4,3,3,3,3,3,3,2,2,2,1,96,537,PL,0,-1,-1,S
4683,2,2,2,2,2,2,2,3,3,4,5,4,2,4,3,3,2,1,3,4,4,5,3,4,4,4,4,3,3,5,5,3,3,2,3,2,2,2,2,4,3,1,3,2,3,2,2,3,2,89,308,GB,1,-1,-1,S
4685,2,1,1,1,1,1,1,1,1,1,3,1,1,1,1,1,2,2,4,4,3,4,4,1,2,1,3,2,2,3,4,4,3,1,3,1,1,2,2,1,3,2,1,1,1,1,1,1,1,90,210,GB,1,-1,-1,A
4686,2,3,4,3,3,3,3,3,3,3,3,3,3,3,3,3,3,3,3,3,3,3,3,3,3,3,4,4,3,4,4,3,3,3,3,3,3,3,3,3,3,3,3,3,3,3,3,3,3,100,137,GB,0,-1,-1,S
4692,2,1,4,1,1,3,3,2,1,5,5,5,1,4,5,5,4,1,1,2,5,5,5,1,5,2,4,2,3,3,3,4,3,1,1,1,1,1,1,1,1,1,1,1,1,3,3,1,1,90,157,FI,0,-1,-1,I
4718,2,4,3,2,4,4,4,1,2,2,5,5,2,4,-1,2,4,1,4,5,2,4,4,4,3,4,4,2,4,2,3,3,2,4,1,3,2,4,1,1,1,1,1,3,3,4,4,1,3,92,217,ES,0,-1,-1,A
4730,2,1,1,1,1,1,1,1,1,5,3,2,5,2,1,2,1,1,4,2,3,5,1,1,1,1,3,5,3,4,1,1,1,1,1,5,1,5,1,1,1,1,2,2,1,4,4,1,1,90,251,PL,1,-1,-1,I
4732,2,1,1,1,1,1,1,2,1,4,4,4,3,4,4,4,3,2,1,5,1,1,3,2,3,2,5,3,5,3,4,2,3,2,2,3,3,4,3,5,2,2,1,2,2,2,3,3,1,92,222,GB,1,-1,-1,I
4758,2,2,1,4,2,2,2,2,2,4,4,4,5,4,4,4,4,3,3,3,3,3,3,3,2,4,4,3,2,2,2,3,4,3,2,3,1,5,3,3,3,3,2,3,3,5,4,-1,3,22,100,GB,1,-1,-1,I
4781,2,3,4,1,3,2,4,3,3,4,4,1,3,1,5,3,5,3,4,3,3,3,4,2,5,4,4,4,4,4,3,4,5,2,2,3,3,4,3,3,3,1,1,2,3,4,3,2,2,60,198,GB,0,-1,-1,S
4806,2,3,1,3,3,1,1,1,1,5,4,5,5,5,3,5,2,4,4,4,3,4,4,3,2,3,4,1,1,1,1,1,2,3,2,1,1,2,2,1,5,3,2,3,2,3,4,3,2,85,158,GB,0,-1,-1,I
4810,2,1,1,1,1,1,1,1,1,5,5,5,3,4,4,5,4,3,4,3,3,4,5,1,3,2,1,1,3,4,3,4,3,2,3,1,1,3,1,3,3,3,3,1,3,3,3,3,2,80,623,GB,0,-1,-1,I
4814,2,3,2,2,1,1,2,1,2,4,4,2,4,3,3,3,3,2,4,4,4,5,5,5,3,5,4,5,5,5,5,5,2,2,2,5,1,5,3,4,2,1,1,1,1,1,2,2,1,100,290,GB,1,-1,-1,S
4827,2,1,5,1,3,1,5,3,5,3,5,5,3,5,5,5,5,1,3,5,5,3,3,5,5,3,3,1,5,3,5,3,3,3,3,5,5,5,3,5,5,5,3,5,3,3,5,3,5,98,180,GB,1,-1,-1,I
4828,2,3,1,1,4,1,1,3,1,4,4,3,5,3,1,4,1,4,5,5,5,5,4,5,5,5,4,4,3,5,1,2,1,4,5,3,1,4,4,3,4,4,5,4,1,5,4,5,3,100,145,GB,0,-1,-1,A
4831,2,3,1,1,1,1,1,1,1,4,4,4,3,3,4,3,3,4,2,2,5,4,5,3,1,3,5,5,4,5,4,4,4,1,1,1,1,1,1,1,2,1,1,1,1,1,1,1,1,90,166,ES,0,-1,-1,S
4844,2,3,3,2,3,3,4,3,3,2,4,5,4,4,4,4,4,3,5,4,3,5,4,5,5,2,4,2,4,2,2,3,1,2,2,3,2,3,2,3,3,2,4,2,2,2,2,2,2,99,176,DE,0,-1,-1,A
4850,2,4,4,2,5,4,4,4,4,4,4,4,4,5,4,5,5,2,1,1,1,2,3,3,3,1,2,2,2,1,2,2,2,2,2,2,1,2,2,3,3,2,4,2,3,5,5,2,4,99,129,GB,0,-1,-1,I
4883,2,1,2,2,2,1,1,1,1,2,2,4,2,4,2,4,4,2,1,-1,4,5,4,2,4,5,5,5,2,5,2,3,2,1,3,3,2,1,2,1,2,1,3,2,2,2,2,4,1,90,227,IS,0,-1,-1,S
4888,2,2,2,2,3,2,3,2,2,2,3,2,3,2,3,2,2,2,2,3,1,2,3,3,2,2,2,2,3,2,2,2,2,3,2,2,1,3,3,3,2,2,2,2,2,2,2,3,2,90,177,GB,1,-1,-1,I
4901,2,2,1,1,1,1,1,1,1,3,4,2,3,2,3,1,1,1,4,5,1,5,2,4,5,5,4,1,4,4,1,4,4,2,3,4,3,2,3,4,3,3,3,3,3,3,2,3,2,80,128,GB,0,-1,-1,A
4924,2,2,3,3,2,2,2,2,2,4,5,4,3,3,5,3,4,3,4,5,4,5,3,3,5,3,1,3,3,2,2,4,2,1,1,2,3,2,2,4,4,3,2,3,3,3,3,3,2,90,323,HR,1,-1,-1,A
4932,2,3,3,1,2,2,4,2,3,5,5,5,4,5,5,5,4,5,4,2,3,4,5,2,5,5,4,3,3,4,3,4,5,1,3,2,3,2,2,2,2,1,1,2,2,1,3,2,2,98,195,GB,0,-1,-1,I
4948,2,4,4,2,3,3,3,4,3,4,4,2,3,2,1,2,1,4,2,1,4,2,4,1,2,2,3,4,2,2,2,2,2,3,2,4,1,2,2,2,2,4,4,3,2,2,3,3,3,75,353,DE,0,-1,-1,R
4958,2,2,2,2,2,2,2,2,2,4,3,3,4,3,3,3,3,3,4,4,4,4,4,4,4,4,3,3,3,3,3,3,3,3,2,3,3,3,3,2,3,2,2,2,2,2,3,2,2,80,398,EE,1,-1,-1,A
4971,2,4,1,1,4,1,2,2,1,4,4,3,5,3,2,3,1,4,1,3,4,3,4,2,2,2,3,4,3,4,1,3,3,1,1,1,1,1,1,1,1,1,1,1,2,3,2,1,1,75,340,ES,0,-1,-1,I
4986,2,1,1,1,1,1,1,1,1,2,1,1,2,1,1,1,2,2,3,1,3,2,3,3,3,5,5,4,4,4,4,4,4,-1,3,3,3,3,4,2,4,4,3,2,4,5,5,4,4,90,164,MT,0,-1,-1,S
4995,2,3,2,-1,2,2,2,2,2,3,2,2,2,2,2,2,2,3,4,4,3,4,3,2,3,3,4,3,2,3,2,2,2,2,2,3,2,2,2,2,2,2,2,2,2,2,2,2,2,86,97,GB,1,-1,-1,A
5017,2,4,1,4,1,1,3,1,1,4,4,5,5,4,4,3,4,5,5,5,5,4,5,2,3,5,4,2,5,1,2,3,2,3,2,5,1,5,1,2,4,1,3,2,1,3,4,2,1,85,256,GB,1,-1,-1,A
5034,2,4,2,2,4,3,2,3,3,4,4,4,4,4,4,4,4,2,1,2,5,4,5,4,2,2,3,2,2,3,2,3,2,2,2,3,1,3,2,2,4,2,3,4,1,4,4,2,3,95,151,GB,0,-1,-1,I
5035,2,3,3,2,2,1,3,1,2,5,4,5,4,5,3,5,3,1,1,1,1,1,2,4,2,4,4,4,5,4,4,4,4,1,3,3,2,3,2,2,2,4,4,3,3,3,4,3,2,100,154,GB,0,-1,-1,I
5039,2,2,3,4,3,3,4,3,3,4,2,4,2,3,2,3,4,4,2,2,3,2,4,2,2,1,5,3,3,2,2,2,2,2,2,3,2,2,2,1,2,3,3,2,2,3,2,2,3,100,179,ES,1,-1,-1,R
5040,2,1,1,1,1,1,1,1,1,5,5,5,4,3,5,4,5,5,5,5,4,4,5,3,5,3,5,4,1,4,3,5,5,1,1,1,1,1,1,1,3,1,1,1,1,3,4,1,1,80,128,GB,1,-1,-1,I
5058,2,3,3,2,2,1,1,1,1,1,2,2,1,1,1,1,1,1,1,2,1,3,1,1,1,3,3,2,3,2,3,2,1,3,2,3,1,2,2,3,1,3,2,1,1,2,1,2,1,80,143,GB,1,-1,-1,S
5065,2,4,1,1,1,1,1,1,1,5,4,1,1,1,3,1,1,1,3,2,3,4,3,4,4,1,4,1,2,1,1,1,1,1,1,1,1,2,1,1,1,1,1,1,1,1,1,1,1,95,300,IS,1,-1,-1,A
5077,2,2,1,1,3,2,1,2,2,5,2,3,4,5,2,4,3,3,2,2,3,3,3,3,2,5,3,3,3,3,3,3,2,3,2,3,2,3,2,4,2,2,2,2,3,3,3,2,2,80,199,GB,1,-1,-1,I
5088,2,1,1,1,1,1,1,1,1,1,1,1,1,1,1,1,1,1,2,2,1,2,1,1,2,1,3,1,2,1,1,1,1,1,2,3,1,3,3,4,1,2,2,3,2,2,2,4,2,100,721,DE,0,-1,-1,C
5132,2,3,3,3,3,1,3,1,2,4,5,5,4,5,5,5,4,5,5,3,5,5,5,5,4,5,5,5,5,5,2,2,3,3,1,5,2,5,3,1,2,4,3,4,3,3,3,3,3,80,200,ES,0,-1,-1,I
5140,2,2,3,1,1,2,1,3,1,5,5,3,1,4,4,2,3,1,2,1,1,2,1,2,1,4,3,4,3,5,4,4,4,4,4,4,4,2,4,4,4,2,2,1,-1,1,1,1,2,100,141,GB,1,-1,-1,S
5147,2,4,1,3,5,3,3,3,1,4,4,5,5,5,4,5,3,1,2,1,1,2,3,3,2,2,1,1,4,1,1,1,1,1,2,3,1,4,2,2,1,3,4,5,2,4,4,2,3,95,134,PT,0,-1,-1,I
5148,2,1,1,1,3,1,1,1,1,5,5,5,4,5,5,4,3,3,1,2,4,5,5,1,1,2,5,5,4,5,1,3,4,1,1,1,1,1,1,1,2,1,1,1,1,3,3,1,1,98,140,GB,0,-1,-1,I
5149,2,3,-1,2,3,3,3,2,3,4,3,3,3,3,4,2,3,4,5,4,4,4,4,4,4,4,3,4,3,3,3,3,3,1,3,3,1,3,3,3,3,1,3,2,2,2,2,3,4,65,310,DE,0,-1,-1,A
5159,2,2,3,3,3,2,4,2,1,2,2,1,3,2,2,3,1,1,3,1,1,4,3,3,1,4,4,1,1,4,4,4,1,4,2,5,2,5,5,3,4,3,4,3,4,5,5,4,3,90,136,GB,0,-1,-1,C
5176,2,1,1,1,2,1,1,1,1,5,2,2,4,4,1,3,1,5,5,3,5,5,5,2,3,3,5,3,3,1,1,1,1,3,1,2,3,1,1,1,1,1,1,1,1,1,1,1,1,100,115,GB,0,-1,-1,A
5190,2,1,2,1,1,1,3,1,2,3,2,3,3,3,2,3,3,1,2,3,3,4,2,4,2,4,3,3,3,4,3,4,4,2,3,4,4,5,4,3,4,4,1,2,4,3,3,4,3,80,130,GB,1,-1,-1,E
5197,2,2,2,1,4,1,3,2,3,5,4,4,5,5,2,4,4,1,1,1,2,4,1,1,1,3,4,5,4,5,1,2,4,1,1,1,1,3,1,1,1,3,2,2,2,3,3,1,1,90,117,FI,0,-1,-1,I
5200,2,1,1,-1,1,3,1,1,3,3,4,4,3,4,4,3,4,5,4,5,4,4,4,3,5,5,5,1,4,2,5,4,3,2,4,2,3,5,4,3,3,2,3,3,3,3,3,3,1,100,114054,GB,1,-1,-1,A
5206,2,3,4,2,3,2,4,2,3,4,4,3,3,3,3,2,3,4,2,1,1,2,3,4,2,2,3,1,3,1,1,3,1,1,1,4,3,4,3,3,3,3,3,3,3,4,4,3,3,90,227,GB,1,-1,-1,C
5219,2,2,3,3,4,2,4,2,2,5,3,3,5,4,4,3,3,3,3,1,3,3,4,4,1,5,4,4,5,4,3,3,2,3,2,4,1,5,2,4,3,3,2,3,3,4,3,2,3,75,154,GB,1,-1,-1,I
5220,2,5,3,3,5,3,4,3,2,4,4,4,4,4,5,4,5,5,3,4,5,4,5,4,3,4,3,5,3,5,2,3,3,2,4,3,2,3,2,1,4,1,3,3,2,3,2,2,3,90,155,GB,0,-1,-1,I
5233,2,3,2,3,5,1,2,2,1,1,4,2,1,1,1,1,1,2,1,1,1,1,3,1,1,1,1,1,1,1,1,1,1,1,2,1,1,1,1,1,1,4,5,5,4,5,4,3,2,100,71,GB,0,-1,-1,C
5240,2,2,2,1,3,2,3,1,2,3,4,2,2,3,3,3,2,1,2,2,2,2,2,1,1,2,3,2,1,1,4,2,4,1,3,1,2,2,3,-1,4,1,3,3,3,3,3,2,2,60,342,SI,1,-1,-1,I
5242,2,3,1,1,1,1,1,1,1,4,4,1,1,1,3,1,1,1,1,2,3,4,4,1,2,2,4,3,4,4,1,4,2,1,2,3,3,3,2,3,2,1,1,1,2,1,1,2,2,100,176,GB,1,-1,-1,S
5254,2,3,1,1,1,1,1,1,1,4,1,1,1,2,1,1,1,1,1,1,1,1,1,1,1,1,1,1,1,1,1,1,1,4,2,3,1,5,1,1,1,4,1,1,1,3,3,4,3,70,100,GB,1,-1,-1,C
5256,2,1,2,2,2,2,2,2,1,4,2,2,2,2,1,2,1,3,2,2,5,5,5,2,4,3,2,2,2,2,1,2,2,1,2,4,2,4,2,4,2,1,2,2,2,2,2,1,2,98,254,GB,0,-1,-1,A
5267,2,-1,-1,-1,-1,-1,-1,-1,-1,-1,-1,-1,-1,-1,-1,-1,-1,-1,-1,-1,-1,-1,-1,-1,-1,-1,-1,-1,-1,-1,-1,-1,-1,-1,-1,-1,-1,-1,-1,-1,-1,-1,-1,-1,-1,-1,-1,-1,-1,95,3,GB,1,-1,-1,R
5286,2,3,3,1,4,3,5,4,1,1,5,5,4,3,4,3,1,1,4,3,1,1,5,3,3,5,4,4,3,4,1,3,4,1,1,4,1,5,4,3,4,1,3,1,3,3,3,3,3,99,771,NO,0,-1,-1,S
5287,2,2,4,2,4,3,4,3,4,4,4,2,4,4,4,2,4,2,4,4,4,4,4,4,4,4,4,4,2,4,4,4,4,3,3,4,2,4,3,4,4,2,2,2,2,2,3,2,2,80,120,GB,0,-1,-1,A
5312,2,2,2,4,2,2,2,2,2,4,4,5,4,4,4,5,4,3,2,3,3,3,5,2,2,4,4,2,2,5,5,3,2,1,2,2,2,5,3,1,3,2,2,2,2,3,5,3,2,80,105,GB,0,-1,-1,I
5326,2,3,1,1,1,1,2,1,1,4,4,4,3,4,4,4,4,2,4,3,2,4,3,2,3,4,3,1,3,3,2,1,1,1,2,4,2,4,3,3,2,1,2,2,2,3,2,2,2,80,368,UA,0,-1,-1,I
5359,2,3,3,4,2,2,4,2,3,3,4,4,3,3,3,3,4,2,3,3,3,5,2,2,2,4,4,1,3,3,2,3,1,4,4,4,2,4,3,4,3,2,3,3,3,4,2,4,3,75,93,DE,1,-1,-1,E
5421,2,3,5,3,1,1,1,1,1,4,5,4,1,1,5,1,5,5,5,5,5,5,5,5,5,5,5,5,5,5,5,5,5,3,3,5,1,1,1,1,1,1,3,1,1,1,1,1,5,95,173,GB,0,-1,-1,A
5427,2,3,2,4,4,1,4,3,2,4,3,2,4,3,2,4,4,1,2,2,1,4,1,4,2,2,1,3,1,2,1,1,1,3,1,1,1,2,1,4,1,1,1,1,1,2,2,3,2,85,287,GB,0,-1,-1,I
5438,2,1,1,1,1,1,2,1,1,5,4,4,5,5,2,5,1,1,1,4,3,4,1,2,1,5,3,5,5,5,4,4,3,3,4,3,4,2,4,3,4,3,4,3,4,2,1,2,2,95,415,ES,0,-1,-1,S
5439,2,3,4,4,3,2,3,2,3,4,4,4,4,4,3,3,4,3,4,4,4,4,5,4,4,4,4,3,2,2,3,4,2,1,1,2,1,1,2,1,3,3,4,2,2,3,3,2,2,80,121,GB,0,-1,-1,A
5445,2,3,4,2,2,3,3,4,4,5,5,5,5,5,5,5,5,4,4,5,3,3,5,1,5,4,5,3,3,2,3,4,3,4,2,2,3,3,2,1,3,2,2,2,2,5,4,1,3,100,182,GB,0,-1,-1,I
5446,2,2,2,1,2,2,2,3,2,4,3,2,3,2,3,2,3,3,3,4,3,5,3,2,4,5,5,2,4,4,3,5,3,2,2,2,2,4,3,2,3,-1,-1,3,2,3,3,2,3,80,130,DE,1,-1,-1,S
5451,2,1,2,2,1,1,1,1,1,2,2,2,1,1,1,1,1,1,2,1,1,1,1,5,3,1,4,3,3,3,4,4,3,1,2,2,1,2,1,1,2,3,4,3,4,4,3,2,3,100,136,GB,0,-1,-1,C
5478,2,4,1,3,4,1,1,1,1,4,3,4,5,4,4,5,5,5,5,5,5,5,5,4,5,1,5,1,1,1,1,1,1,1,1,1,1,1,1,1,1,1,2,1,1,1,2,1,1,90,539,GB,1,-1,-1,A
5484,2,4,3,1,1,1,1,4,1,1,3,-1,3,2,1,1,3,2,5,5,4,5,5,-1,4,3,1,1,1,1,1,1,1,3,3,3,2,5,4,2,3,2,3,3,3,2,3,2,2,80,161,DE,1,-1,-1,A
5485,2,2,1,1,2,1,1,1,1,3,2,3,2,3,1,3,2,2,1,1,2,1,1,1,2,1,1,1,3,1,2,1,1,2,3,2,1,2,1,2,2,2,1,2,1,2,2,1,1,90,298,SI,0,-1,-1,I
5497,2,4,1,1,2,1,1,2,1,3,3,3,1,2,1,2,1,4,5,4,4,5,5,4,4,1,4,2,5,2,3,3,1,4,4,4,2,4,5,3,5,3,3,3,3,3,3,3,3,90,189,GB,0,-1,-1,A
5528,2,1,4,1,1,1,1,1,1,5,5,3,5,4,5,4,1,3,2,4,4,5,5,2,4,4,5,5,5,4,4,5,5,2,4,2,4,4,4,3,4,1,4,1,4,2,4,1,1,98,370,GB,0,-1,-1,S
5529,2,1,3,3,3,1,3,5,3,5,5,3,3,3,3,5,5,5,5,3,1,3,5,1,3,5,5,3,5,3,3,5,3,5,5,1,1,1,3,1,3,1,5,3,3,3,3,1,1,70,234,DE,0,-1,-1,I
5552,2,2,4,1,1,2,3,1,4,5,3,4,3,3,4,2,1,1,1,4,3,3,4,4,4,5,4,2,3,4,3,2,3,4,2,4,2,4,2,4,3,2,3,2,2,1,3,1,1,70,458,DE,1,-1,-1,S
5561,2,1,1,1,3,1,4,2,1,5,5,5,5,5,5,5,4,5,5,5,5,5,5,1,4,5,5,5,5,5,4,5,5,1,1,3,5,4,4,1,4,3,4,5,3,3,5,1,2,98,400,GB,0,-1,-1,I
5562,2,1,1,2,4,2,2,1,1,4,4,3,4,4,2,3,4,1,1,2,2,2,4,4,1,1,2,3,1,2,2,2,2,1,1,2,1,1,1,1,2,2,2,2,1,3,1,1,1,91,281,GB,0,-1,-1,I
5563,2,3,4,1,4,1,3,1,4,4,4,1,3,4,3,2,3,3,4,3,2,3,4,2,3,5,4,3,5,5,5,4,3,3,3,4,2,4,2,4,2,2,1,5,2,4,5,2,2,95,205,GB,1,-1,-1,S
5573,2,1,3,2,1,1,1,1,2,4,4,3,2,2,4,2,1,5,4,2,4,4,4,5,2,5,3,4,2,4,5,5,3,2,1,4,1,2,1,3,1,1,1,1,1,3,1,1,1,90,191,GB,0,-1,-1,S
5599,2,4,1,5,4,1,4,2,3,3,4,2,4,2,4,2,5,4,5,4,4,5,4,4,4,4,5,4,4,4,4,5,4,-1,3,4,4,4,2,3,5,2,1,3,2,4,3,2,2,85,255,GB,1,-1,-1,A
5615,2,2,3,5,5,3,3,2,3,1,4,4,2,5,5,4,5,5,5,5,4,5,5,1,5,2,3,3,1,2,3,4,1,1,2,4,2,5,2,1,5,2,4,3,4,4,3,4,4,90,263,DE,0,-1,-1,A
5617,2,2,1,1,1,1,1,1,1,2,5,5,1,1,5,1,3,1,4,5,3,5,3,1,4,1,4,3,1,3,1,2,2,1,1,1,1,3,1,1,3,2,1,1,1,1,3,1,1,100,180,GB,0,-1,-1,A
5624,2,3,2,3,4,2,3,2,2,4,3,3,3,2,2,2,2,3,2,2,4,2,4,4,3,3,3,3,3,3,2,4,2,2,2,2,3,3,2,4,3,2,3,2,2,2,2,2,2,80,185,GB,1,-1,-1,A
5679,2,2,2,1,1,2,1,1,2,2,3,3,2,1,4,1,4,4,3,4,4,3,4,5,4,4,4,4,4,4,4,4,3,3,2,3,3,2,2,3,3,1,1,1,2,1,1,1,2,75,483,GB,1,-1,-1,A
5696,2,1,1,1,1,1,1,1,1,2,1,2,3,1,2,2,2,1,4,4,2,2,1,1,3,4,3,1,3,1,1,1,2,4,2,3,3,4,3,3,4,3,2,2,2,3,3,3,3,95,1113,PL,1,-1,-1,E
5700,2,1,1,1,2,1,1,1,1,1,3,1,1,1,1,1,2,1,1,3,1,2,2,1,2,5,1,1,1,1,2,1,1,1,1,1,1,1,1,1,1,1,1,1,1,3,4,1,1,70,216,ES,0,-1,-1,A
5702,2,1,1,1,4,1,4,1,1,5,2,3,4,4,2,3,3,4,1,1,3,1,3,1,1,2,1,1,1,1,1,2,1,1,1,2,1,2,1,1,1,1,1,2,1,4,2,1,1,90,241,SI,0,-1,-1,I
5709,2,2,4,4,3,3,4,3,3,2,3,2,2,2,2,1,3,1,1,1,1,1,1,1,2,3,2,1,2,2,1,1,1,2,1,4,2,5,4,2,3,3,4,4,3,4,3,3,4,90,116,GB,1,-1,-1,C
5712,2,2,1,1,1,1,2,1,2,2,3,2,3,3,2,2,3,2,4,4,4,4,4,1,2,5,5,5,2,3,3,3,2,3,1,2,4,3,3,2,2,3,3,3,3,4,3,3,2,80,235,HR,0,-1,-1,S
5715,2,1,1,1,1,1,1,1,1,4,1,1,1,1,1,1,1,1,1,1,2,2,1,1,1,2,1,1,2,1,1,1,1,2,2,2,2,1,1,1,1,1,1,1,1,1,1,1,1,80,160,GB,1,-1,-1,E
5725,2,2,3,1,4,1,4,1,1,4,3,3,4,3,3,4,3,2,2,4,3,2,4,2,3,3,4,4,3,4,3,4,3,2,2,2,1,2,2,2,1,1,3,5,2,4,3,2,1,87,149,DE,0,-1,-1,S
5762,2,5,3,3,1,2,1,3,1,5,3,5,1,5,5,5,5,3,5,5,1,5,5,5,5,5,5,2,5,1,1,5,1,5,5,5,5,5,5,5,1,5,4,5,5,5,5,3,5,100,499,GB,1,-1,-1,C
5791,2,3,1,4,2,-1,2,-1,2,3,3,2,3,2,2,2,2,3,4,2,4,4,4,4,3,4,3,2,3,3,4,3,3,4,4,4,3,5,4,4,4,3,2,4,3,3,3,4,3,50,200,SE,1,-1,-1,E
5799,2,3,1,1,1,1,1,1,1,4,1,1,1,1,3,1,4,1,1,1,1,2,2,1,1,3,1,1,3,4,1,2,1,2,1,2,1,4,1,1,1,1,1,1,1,1,1,1,3,9,550,GB,0,-1,-1,I
5817,2,2,1,3,3,1,3,1,1,4,4,4,4,4,4,4,4,2,3,4,4,4,4,3,4,4,4,4,3,4,4,4,3,1,2,2,3,1,3,2,3,1,2,2,2,1,2,1,2,90,168,DE,0,-1,-1,I
5820,2,3,2,5,2,3,4,2,2,4,3,4,4,2,3,2,4,1,2,3,2,2,2,4,2,4,4,4,3,4,3,3,2,2,2,4,2,2,2,3,2,2,2,3,2,2,4,3,2,80,206,DE,0,-1,-1,S
5831,2,1,1,2,4,1,1,1,1,4,3,3,4,4,2,3,4,1,3,3,5,3,4,3,2,2,4,2,4,2,2,1,1,1,2,4,1,3,1,3,1,1,1,1,1,1,1,1,1,80,278,NO,1,-1,-1,I
5834,2,2,1,1,1,1,1,2,2,3,4,4,2,4,3,2,1,4,3,4,4,5,4,1,4,5,4,3,2,4,3,3,4,1,2,2,2,2,2,2,2,2,3,3,4,1,2,1,4,98,331,GB,0,-1,-1,A
5873,2,4,4,2,3,3,2,3,2,4,4,4,2,3,3,3,3,2,3,4,4,3,2,3,4,4,4,5,5,4,5,4,5,2,4,4,5,3,5,3,5,2,3,4,4,2,4,2,1,80,550,GB,1,-1,-1,S
5890,2,1,1,1,1,1,1,1,1,3,2,1,1,1,1,1,1,1,1,1,1,2,3,1,1,2,1,1,3,1,3,3,2,1,1,4,1,3,3,2,2,1,1,1,1,1,1,1,1,98,118,GB,1,-1,-1,E
5892,2,2,4,1,2,1,1,1,3,3,4,4,2,3,4,1,3,4,4,4,1,1,4,4,5,3,3,3,5,4,4,4,3,3,2,3,1,1,3,3,5,2,2,1,1,1,1,1,1,75,247,GB,1,-1,-1,S
5902,2,1,1,4,2,3,4,2,3,4,3,3,5,4,2,3,4,5,3,4,4,4,4,4,3,3,2,3,1,2,1,4,2,2,1,2,1,2,1,2,1,2,2,2,2,3,2,2,2,87,190,GB,1,-1,-1,A
5906,2,1,3,1,1,1,1,1,1,1,4,3,1,2,5,2,4,1,2,4,4,4,4,2,4,1,3,1,3,1,2,3,2,1,1,1,3,1,1,1,1,1,1,1,1,1,1,1,1,50,109,GB,1,-1,-1,A
5916,2,1,1,1,1,1,1,-1,1,2,4,3,5,5,4,1,2,2,4,3,3,3,5,2,2,3,3,4,1,2,1,1,1,2,1,4,1,1,1,4,1,2,1,5,1,4,2,2,1,90,258,PL,0,-1,-1,I
5920,2,1,1,1,1,1,1,1,1,5,5,5,5,5,5,5,1,1,1,1,3,1,1,1,1,1,1,1,1,1,1,1,1,1,1,1,1,1,1,1,1,1,1,1,1,1,1,1,1,100,102,GB,0,-1,-1,I
5930,2,2,2,1,1,1,1,2,1,2,2,2,1,2,2,2,3,1,1,5,2,3,1,1,5,1,3,1,1,1,2,3,1,1,3,1,1,2,2,2,4,1,2,1,1,2,2,1,1,80,193,GB,0,-1,-1,A
5937,2,2,2,3,2,2,2,2,2,3,3,3,2,2,4,3,2,2,2,2,3,3,3,4,2,-1,2,2,4,2,1,1,1,2,2,2,2,2,2,1,2,2,2,2,2,2,2,1,2,96,216,GB,1,-1,-1,I
5941,2,1,1,1,1,-1,1,1,2,4,5,1,2,3,4,2,5,3,4,5,5,5,4,1,5,4,4,1,2,2,1,3,3,1,2,1,2,2,3,1,3,3,3,2,-1,1,2,1,1,50,242,SE,1,-1,-1,A
5948,2,1,1,1,1,1,4,1,1,2,1,1,5,1,1,1,4,1,1,1,1,4,3,1,1,5,1,4,1,4,1,4,1,1,-1,3,1,3,1,4,1,1,3,2,3,1,3,1,1,100,150,GB,1,-1,-1,S
5973,2,4,1,1,2,1,1,3,1,3,3,2,3,1,1,2,2,2,1,1,3,1,4,3,1,1,1,3,5,3,1,3,1,1,2,2,1,2,2,1,1,1,1,1,1,1,1,1,1,80,335,SE,1,-1,-1,S
5985,2,1,2,2,2,1,2,2,2,3,3,2,3,2,1,2,1,3,5,2,4,5,4,4,4,2,4,5,3,5,2,5,3,2,3,3,3,3,4,3,4,1,2,2,2,3,4,3,3,100,108,GB,1,-1,-1,A
5986,2,1,2,1,1,1,1,1,1,3,4,4,1,1,1,1,1,1,3,1,1,4,1,1,1,3,4,5,1,5,5,5,5,2,4,1,1,1,1,1,1,2,1,1,3,1,1,1,1,89,116,GB,1,-1,-1,S
5988,2,2,2,2,2,1,2,1,2,2,3,2,3,2,1,2,3,2,4,5,4,2,4,2,4,5,4,4,3,3,2,3,3,3,2,3,4,3,3,2,1,2,3,3,3,3,3,2,3,80,216,HR,1,-1,-1,A
5998,2,3,2,1,1,2,2,1,2,1,5,4,1,1,1,1,1,1,1,1,4,1,3,3,1,3,1,1,5,2,4,4,4,1,4,5,4,4,4,2,4,2,1,3,2,4,5,3,2,70,265,SE,0,-1,-1,E
6005,2,3,3,4,1,2,3,2,2,5,4,4,3,5,3,5,3,1,1,1,1,1,1,2,1,1,1,1,4,1,1,1,1,2,1,1,1,4,1,1,1,2,1,1,1,3,3,3,1,80,166,GB,1,-1,-1,I
6006,2,1,1,1,1,1,1,1,1,4,3,3,3,4,3,4,2,2,2,1,2,4,4,3,2,4,3,1,2,3,2,4,2,3,2,4,1,3,2,4,2,2,1,1,2,3,3,2,2,80,132,GB,1,-1,-1,I
6009,2,4,2,1,2,2,2,4,2,1,3,4,2,2,4,2,5,5,5,5,5,5,5,5,5,4,4,2,2,2,2,2,1,1,2,2,2,2,2,2,4,1,2,2,2,2,2,2,1,80,103,DE,0,-1,-1,A
6040,2,2,3,2,2,1,1,1,2,4,4,3,2,4,3,4,2,2,4,4,3,4,3,2,4,2,4,2,2,2,3,2,2,1,2,1,2,2,2,1,2,3,2,1,2,1,1,1,1,80,203,SE,0,-1,-1,I
6073,2,3,3,1,4,1,2,4,3,4,4,4,2,3,4,4,4,1,3,4,3,3,3,2,4,2,3,1,4,4,4,3,3,1,1,1,4,2,2,3,2,2,4,2,2,2,2,2,2,90,180,GB,1,-1,-1,I
6081,2,2,3,3,2,3,2,2,3,4,4,4,2,4,4,4,5,2,2,2,2,2,2,3,3,2,3,3,3,2,3,2,2,2,2,2,2,3,2,2,2,2,2,2,2,3,3,2,2,80,172,SI,0,-1,-1,I
6083,2,5,5,5,5,2,5,5,5,5,5,5,5,5,5,5,5,1,5,2,1,5,1,5,4,5,5,2,3,4,1,1,1,1,1,1,1,1,1,1,1,1,1,1,1,1,5,1,1,100,108,GB,0,-1,-1,I
6098,2,1,1,1,1,1,1,1,1,4,1,1,4,4,4,3,3,1,5,1,4,5,2,4,1,3,3,4,2,4,4,5,1,1,1,1,1,1,1,1,1,1,1,1,1,1,1,1,1,100,135,GB,0,-1,-1,S
6113,2,5,3,1,1,1,3,1,3,2,4,1,3,1,3,1,4,5,5,3,4,5,3,4,4,5,5,4,5,5,4,4,1,1,2,1,4,2,3,3,5,1,1,1,1,2,2,2,1,95,188,GB,1,-1,-1,A
6129,2,2,1,3,3,1,3,1,1,3,2,2,4,2,1,1,4,2,2,1,1,2,4,4,1,4,2,2,4,3,2,2,3,1,2,2,1,3,1,1,1,1,3,3,1,3,3,1,1,85,165,DE,1,-1,-1,S
6133,2,1,1,1,3,1,1,1,2,4,2,1,1,3,2,1,1,1,1,1,1,1,1,3,1,1,1,1,1,1,1,1,1,3,3,2,1,4,1,4,1,1,1,1,1,1,1,3,1,60,293,FI,1,-1,-1,E
6136,2,3,4,1,4,2,3,2,3,4,4,3,5,4,4,3,4,3,3,3,4,4,4,1,3,2,5,2,3,2,2,3,3,2,3,2,1,2,1,2,4,3,4,3,3,2,4,2,4,84,233,SI,0,-1,-1,I
6173,2,1,2,1,1,1,1,2,1,5,5,4,4,4,4,4,3,4,2,3,3,2,4,3,3,4,2,4,2,5,4,4,2,1,3,2,2,2,2,3,4,1,1,1,1,1,2,2,2,90,208,GB,0,-1,-1,I
6220,2,4,1,1,1,1,4,1,1,3,4,4,2,4,4,2,2,4,2,5,5,5,4,1,5,4,3,1,5,2,2,4,2,3,4,1,2,4,5,4,2,1,2,1,3,3,3,3,2,100,325,GB,0,-1,-1,A
6225,2,3,2,1,1,1,2,1,1,5,4,4,3,3,1,3,1,3,2,1,2,5,3,1,3,1,1,1,1,1,1,1,1,1,1,1,1,1,2,1,3,1,4,2,1,1,1,1,4,95,135,HU,0,-1,-1,I
6237,2,1,1,1,1,1,1,1,1,3,4,3,4,4,4,3,4,5,5,4,5,5,5,3,4,5,4,3,2,4,2,4,2,1,1,1,1,1,1,1,1,1,1,1,1,1,1,1,1,99,143,GB,0,-1,-1,A
6246,2,4,2,1,3,2,2,1,2,2,2,3,4,4,3,4,5,1,2,2,3,3,3,1,3,1,4,1,2,2,3,3,3,2,1,1,1,2,1,2,5,1,1,1,1,4,3,2,-1,100,220,SI,0,-1,-1,I
6247,2,3,4,4,4,1,4,1,4,5,5,5,5,5,5,5,5,4,3,4,4,4,4,4,4,2,5,3,1,3,3,3,2,1,1,1,1,1,1,1,1,1,1,1,1,4,1,1,1,75,142,GB,1,-1,-1,I
6274,2,1,2,1,1,1,1,1,1,4,1,1,4,4,1,3,2,2,2,2,3,4,5,2,1,3,3,2,3,2,1,1,1,2,2,1,1,4,1,1,1,1,1,1,1,2,1,3,1,99,380,AL,1,-1,-1,A
6301,2,3,2,2,2,2,2,2,2,4,3,2,2,2,3,2,3,1,2,2,2,2,2,2,2,2,2,2,2,2,2,2,2,2,3,2,2,2,2,2,3,2,2,2,2,2,2,2,2,8,304,SE,1,-1,-1,I
6304,2,1,1,1,1,1,1,1,1,1,1,1,1,1,1,1,1,1,1,1,4,4,1,1,1,1,1,3,1,1,1,2,1,3,3,1,1,1,2,1,1,1,1,1,1,1,1,1,1,100,213,GB,0,-1,-1,A
6305,2,1,1,1,1,1,1,1,1,3,4,4,4,3,2,3,3,1,3,5,2,4,3,2,4,5,5,4,5,4,2,4,3,3,2,4,1,4,1,3,4,2,2,2,2,2,3,1,2,100,183,DE,1,-1,-1,S
6308,2,1,1,2,2,1,1,1,1,2,1,2,1,1,2,1,2,3,5,4,4,5,2,3,4,4,4,3,2,4,1,4,3,2,3,3,1,4,2,1,1,1,1,1,1,1,1,1,1,90,137,GB,1,-1,-1,A
6314,2,1,4,1,1,2,2,2,3,3,2,1,1,1,1,1,1,3,1,1,5,5,4,5,1,3,5,4,5,5,4,4,4,1,2,3,1,2,2,1,4,4,2,3,4,3,3,2,3,50,92,GB,0,-1,-1,S
6353,2,1,2,1,1,1,3,2,2,5,3,3,4,2,2,1,3,1,2,2,3,3,2,3,4,4,4,5,2,4,3,4,5,1,1,2,3,2,1,2,3,1,1,2,2,1,1,1,2,80,224,GB,0,-1,-1,S
6365,2,5,-1,5,5,5,5,5,3,5,5,5,5,5,5,5,5,3,5,5,5,5,5,5,5,5,5,5,5,5,5,3,5,5,5,5,5,3,5,5,5,3,3,5,3,5,5,3,3,100,468,GB,1,-1,-1,I
6368,2,1,1,1,3,1,1,1,1,1,1,1,1,1,4,1,1,1,1,1,1,1,-1,1,1,1,1,1,1,1,1,1,1,1,1,1,1,1,1,1,1,1,1,1,1,5,3,1,1,100,163,DE,0,-1,-1,C
6370,2,1,2,1,1,1,1,1,2,3,5,4,1,2,4,2,2,2,2,2,2,2,4,1,1,5,1,1,5,4,2,5,1,1,1,5,2,4,4,2,5,4,3,2,3,3,4,2,2,90,451,DE,0,-1,-1,S
6377,2,2,2,1,2,1,2,2,3,3,4,4,4,4,4,3,3,1,2,5,5,4,4,2,2,2,3,2,4,2,1,1,1,3,2,4,3,3,3,2,2,2,1,1,2,2,2,2,1,90,164,GB,1,-1,-1,I
6378,2,1,1,1,1,1,1,1,1,1,1,1,1,1,1,1,1,1,1,1,-1,1,1,3,1,1,1,3,5,3,1,5,1,1,1,1,1,1,1,1,1,1,1,1,1,1,1,1,1,100,106,MT,1,-1,-1,S
6380,2,3,4,4,4,3,4,-1,4,2,3,3,2,2,2,2,3,2,2,2,2,4,1,3,2,2,3,3,3,3,4,4,3,2,2,2,3,1,3,3,3,3,4,4,4,3,2,3,3,90,164,SE,0,-1,-1,C
6382,2,1,1,1,1,1,1,1,1,4,3,4,4,4,2,4,1,3,4,4,4,4,1,4,4,4,4,4,2,4,4,4,2,2,3,2,2,3,3,3,2,2,2,1,2,2,1,2,1,80,118,GB,0,-1,-1,A
6398,2,1,2,1,3,1,1,1,1,2,2,2,1,1,1,1,1,1,1,2,1,1,1,2,1,2,3,2,3,3,3,2,2,1,2,2,2,2,2,3,1,3,2,3,3,3,3,3,1,80,156,GB,1,-1,-1,C
6401,2,3,3,3,4,1,4,2,3,4,3,3,4,3,5,3,5,5,4,5,1,1,4,5,5,2,5,2,2,2,3,4,1,1,2,4,3,2,2,2,2,1,2,2,3,2,3,2,1,75,168,GB,1,-1,-1,I
6424,2,3,3,1,2,2,2,2,4,2,2,2,4,3,3,2,2,4,3,4,4,4,3,2,3,4,5,3,5,5,5,5,4,4,4,3,2,2,3,1,2,2,3,2,2,5,3,1,2,30,323,DE,0,-1,-1,S
6428,2,1,1,1,1,2,1,2,1,3,5,1,3,2,3,2,4,3,4,4,4,5,4,3,4,4,3,2,3,3,3,3,3,4,3,4,4,4,4,5,3,1,2,2,3,2,2,1,2,90,173,GB,0,-1,-1,A
6453,2,4,4,1,3,2,4,3,3,3,4,4,4,4,4,4,4,4,2,4,4,3,4,2,3,3,3,2,2,1,2,3,2,1,1,1,2,2,2,1,2,3,2,2,2,4,3,1,2,80,285,GB,0,-1,-1,I
6456,2,1,3,3,4,5,4,3,4,4,2,2,2,3,3,5,1,3,1,4,1,1,4,1,2,5,1,1,5,4,1,3,1,1,1,3,2,4,1,1,2,2,2,1,3,-1,4,3,3,80,349,PT,1,-1,-1,R
6467,2,2,2,1,2,2,3,2,3,2,3,3,3,3,3,2,3,2,3,3,3,5,3,2,3,3,3,4,3,5,3,3,3,1,2,1,2,2,2,1,2,1,2,1,2,2,3,2,2,75,179,GB,0,-1,-1,S
6479,2,2,2,2,1,2,1,2,2,3,1,2,4,2,2,2,4,1,1,1,1,3,2,2,1,4,4,4,3,3,2,4,4,2,3,2,2,3,2,1,3,1,2,1,2,3,4,1,2,65,206,GB,1,-1,-1,S
6485,2,4,1,1,3,2,2,3,3,5,4,4,2,3,4,3,4,1,4,4,3,4,4,1,4,4,3,1,4,2,1,4,2,1,2,1,1,2,2,2,4,2,3,2,3,1,3,1,3,90,297,GB,1,-1,-1,I
6491,2,2,2,1,5,1,5,2,2,2,1,1,1,1,1,1,5,3,3,4,5,4,5,5,4,5,5,5,2,5,2,2,2,1,2,3,1,4,4,4,3,5,5,5,5,5,5,5,5,90,266,ES,1,-1,-1,C
6498,2,1,3,1,1,1,4,1,2,2,2,3,3,2,2,2,2,5,4,4,4,5,4,2,4,4,5,3,3,4,4,5,4,2,3,3,2,2,3,3,3,3,2,3,3,3,3,3,2,60,144,GB,1,-1,-1,A
6513,2,1,1,1,1,1,1,1,1,1,1,1,1,1,1,1,1,3,4,5,5,5,5,3,4,2,3,3,1,3,1,1,3,2,2,2,1,1,1,1,1,2,1,1,1,1,1,-1,1,100,99,GB,0,-1,-1,A
6523,2,3,2,1,1,1,1,1,1,4,2,3,1,2,1,1,2,2,2,4,2,3,3,3,1,2,3,3,2,3,3,3,2,1,3,1,1,1,1,1,3,1,3,1,1,1,1,1,1,80,119,SE,0,-1,-1,S
6541,2,4,4,3,4,2,4,3,2,4,4,3,2,3,1,3,1,5,4,3,5,4,5,1,2,2,1,5,4,5,4,4,4,1,1,3,1,4,1,3,1,1,3,4,3,4,3,2,3,100,151,GB,1,-1,-1,A
6542,2,3,3,1,4,1,2,4,2,1,4,4,1,4,4,4,2,1,1,1,1,1,4,1,1,4,5,2,2,4,2,5,4,1,1,1,1,1,1,1,2,1,5,2,3,4,1,1,4,100,130,GB,0,-1,-1,S
6553,2,2,5,1,4,4,3,2,4,5,3,5,4,5,3,4,3,2,2,5,4,4,3,4,4,5,5,4,5,4,3,3,4,2,4,4,4,4,4,3,4,2,1,4,4,2,2,2,3,100,514,GB,1,-1,-1,S
6555,2,2,1,1,3,1,1,1,1,4,3,3,4,4,2,3,1,2,3,3,3,4,3,1,2,3,1,1,2,2,1,1,1,2,1,3,1,5,1,1,1,3,1,3,3,5,2,3,2,90,155,PT,0,-1,-1,I
6558,2,2,2,4,4,1,3,2,1,3,4,4,4,4,4,4,5,4,1,1,4,5,5,5,1,4,4,2,3,2,3,4,2,1,1,3,2,4,2,1,2,3,3,2,3,3,2,2,2,65,600,GB,1,-1,-1,I
6572,2,4,2,2,4,2,2,3,2,3,4,4,2,2,3,3,2,1,1,4,2,4,2,3,4,2,4,2,3,1,2,4,2,1,2,4,2,4,3,2,2,4,2,4,3,4,3,2,2,50,129,GB,0,-1,-1,C
6580,2,2,1,1,3,1,3,2,2,4,4,4,4,4,4,4,4,3,3,4,4,4,5,3,4,2,5,4,1,2,1,3,1,2,1,2,1,3,2,1,4,1,2,3,2,5,4,2,2,75,146,GB,0,-1,-1,I
6593,2,5,2,4,2,1,2,1,2,5,5,4,5,4,5,3,5,3,4,2,5,5,5,5,3,2,2,2,4,4,2,3,1,2,1,5,4,5,4,4,4,1,1,2,1,2,2,1,2,34,148,GB,0,-1,-1,I
6596,2,2,4,1,2,3,4,2,4,3,5,5,2,2,4,2,5,1,1,3,2,4,2,1,4,1,3,2,2,2,1,2,2,1,1,3,1,2,1,1,1,1,2,2,4,1,2,1,4,100,144,GB,0,-1,-1,I
6610,2,3,1,1,1,1,-1,1,1,4,4,3,2,3,4,2,2,1,4,4,4,5,2,1,4,5,2,3,3,5,2,2,2,2,1,4,3,5,4,2,3,1,2,1,3,2,1,1,2,90,113,GB,1,-1,-1,A
6618,2,4,4,1,4,2,5,4,5,2,3,1,1,2,2,2,1,1,3,5,1,3,2,1,5,1,4,4,3,4,4,4,4,4,4,4,5,4,4,4,4,4,4,4,4,4,2,4,4,90,187,HR,0,-1,-1,E
6623,2,3,2,2,1,1,1,2,2,1,5,2,1,1,2,1,1,1,1,1,1,1,1,2,1,1,1,1,2,1,1,1,1,1,4,1,1,3,5,2,3,1,2,1,1,1,1,1,1,100,385,GB,1,-1,-1,E
6628,2,1,1,1,1,1,1,1,1,3,1,4,1,1,1,1,3,1,4,4,1,1,4,3,5,4,1,1,1,1,3,3,1,1,1,3,1,4,1,1,3,1,1,1,1,4,3,3,1,88,6661,GB,1,-1,-1,A
6631,2,3,4,1,3,3,3,3,4,4,3,2,4,4,3,3,3,4,4,4,4,5,4,3,4,4,3,3,3,3,3,4,3,-1,2,3,3,3,4,2,3,3,3,3,3,3,3,3,3,60,137,IS,1,-1,-1,A
6634,2,3,4,5,4,2,4,4,4,4,2,4,4,4,4,4,4,4,1,4,5,5,5,2,3,1,4,1,1,1,1,1,1,5,2,2,2,3,2,1,1,4,5,4,3,4,3,4,4,50,269,PL,0,-1,-1,C
6657,2,1,1,1,1,1,1,1,1,2,1,4,4,3,4,4,2,3,2,3,5,5,5,4,2,1,2,2,1,1,1,2,2,1,2,1,4,1,1,1,3,1,1,1,1,1,1,1,1,98,123,GB,0,-1,-1,A
6667,2,3,2,3,3,1,2,2,2,3,4,3,2,2,2,2,4,2,5,5,5,5,4,3,5,4,4,2,3,2,2,2,1,2,1,4,2,4,4,3,2,2,2,3,3,5,4,3,3,70,224,EE,0,-1,-1,A
6678,2,3,1,4,1,1,2,1,1,5,5,5,5,5,5,5,5,1,4,5,4,4,4,5,5,3,1,5,4,4,1,5,4,2,1,3,3,3,1,1,3,1,3,1,2,3,1,1,2,100,470,MT,0,-1,-1,I
6684,2,5,5,1,4,1,5,1,3,5,4,4,5,2,3,2,4,3,3,4,5,4,4,2,4,4,4,5,5,5,3,3,5,4,4,5,1,5,5,5,5,5,4,5,5,5,5,5,5,95,115,GB,0,-1,-1,C
6689,2,4,4,2,4,4,4,4,4,5,4,4,4,4,5,4,4,1,1,2,2,2,4,5,4,4,3,4,4,4,4,4,2,2,2,3,2,4,2,4,4,2,1,2,2,4,4,2,2,80,206,GB,1,-1,-1,I
6694,2,1,2,2,1,2,2,1,1,3,4,4,1,2,4,1,4,2,3,4,3,4,4,5,4,2,3,4,4,4,4,5,2,1,3,2,4,2,2,1,3,1,3,1,2,1,1,1,1,98,136,GB,1,-1,-1,A
6702,2,4,1,1,1,1,1,1,1,5,4,2,5,1,1,-1,1,2,5,2,5,5,1,1,1,5,1,1,5,4,1,1,1,3,1,1,1,1,1,1,1,1,1,1,1,1,1,1,1,100,126,DE,0,-1,-1,A
6709,2,2,1,3,1,1,1,3,2,5,5,5,4,5,4,4,3,1,1,1,1,3,1,1,1,5,5,4,3,4,4,4,1,3,1,3,1,4,1,1,1,-1,1,4,4,5,5,3,4,90,246,DE,0,-1,-1,I
6721,2,2,3,4,5,5,3,3,3,4,4,3,4,4,4,4,4,1,3,3,1,1,2,2,2,4,4,1,4,3,4,4,3,2,1,4,2,4,2,3,4,3,4,5,3,5,5,4,3,80,184,SI,0,-1,-1,C
6779,1,1,2,3,1,1,2,1,1,4,4,4,3,3,4,2,4,4,2,2,2,4,4,3,3,4,3,1,4,4,3,2,2,1,2,4,1,3,2,1,4,2,1,2,2,3,3,1,1,-1,-1,GB,0,2,22,I
6780,1,3,3,1,4,2,3,2,3,4,4,2,2,2,3,2,4,4,3,4,5,4,5,3,4,4,3,2,2,3,3,3,2,1,3,4,4,3,2,3,4,2,4,4,3,4,4,3,3,-1,-1,GB,0,1,17,A
6781,1,1,3,3,5,3,3,1,2,5,3,5,5,4,3,4,3,2,4,2,3,5,3,5,4,3,1,5,3,5,2,3,2,3,3,2,1,1,2,3,2,1,4,2,3,3,1,2,1,-1,-1,GB,0,1,23,I
6782,1,1,4,2,1,3,2,1,4,3,2,3,2,2,2,2,2,2,2,4,3,3,4,1,3,3,4,4,3,3,2,3,2,1,1,2,1,2,1,1,1,1,1,1,2,2,3,1,2,-1,-1,GB,1,2,28,S
6783,1,1,1,1,1,1,1,1,1,5,5,5,5,3,3,3,1,1,1,1,1,1,1,1,1,5,5,5,1,5,1,3,3,1,1,1,1,4,1,1,1,1,1,1,1,3,1,1,1,-1,-1,GB,0,2,59,I
6784,1,2,3,4,1,1,3,1,1,3,3,3,4,2,4,2,5,1,4,5,5,5,3,5,3,3,5,5,3,4,2,3,2,2,1,2,1,1,2,1,2,1,2,2,1,2,2,1,2,-1,-1,GB,1,1,31,A
6785,1,1,1,1,1,1,1,1,1,2,2,2,2,1,2,1,2,2,3,2,4,5,3,2,3,2,2,2,2,3,2,2,2,1,2,2,2,2,2,1,2,1,1,1,1,1,1,1,1,-1,-1,GB,1,2,31,A
6786,1,3,3,1,2,1,2,1,3,2,4,4,2,2,5,2,4,5,5,3,4,3,4,3,3,4,4,2,3,3,2,2,1,1,1,5,5,5,5,2,5,4,2,4,5,4,4,3,4,-1,-1,GB,0,1,18,A
6948,1,3,3,3,3,3,4,3,3,4,4,4,4,4,4,4,4,3,3,3,4,4,4,4,4,3,3,4,3,4,3,3,3,2,2,2,3,4,3,2,4,2,2,2,3,4,3,2,2,-1,-1,GB,1,1,35,I
6968,1,4,2,2,2,3,4,1,2,5,5,4,5,5,4,5,4,2,2,3,3,4,3,3,3,3,4,5,4,4,5,4,5,2,3,4,3,4,4,2,5,3,2,3,3,5,3,2,2,-1,-1,GB,0,2,22,I
6969,1,3,3,3,3,3,2,3,3,4,5,4,3,4,4,4,3,3,3,3,4,2,4,5,3,4,3,2,2,2,2,3,2,2,4,2,1,2,2,2,2,4,3,4,3,4,3,2,3,-1,-1,FI,0,1,30,I
6970,1,1,1,1,1,1,1,1,1,3,5,4,5,4,4,1,3,1,5,1,4,5,4,1,3,4,5,5,4,5,5,4,3,1,1,4,1,1,1,1,1,1,1,1,1,4,1,1,1,-1,-1,SE,0,1,32,S
6971,1,1,1,1,1,1,1,1,1,1,4,3,1,2,4,1,1,1,4,1,1,4,3,3,3,1,4,1,1,4,3,2,1,2,1,3,3,1,2,1,2,1,1,1,1,1,1,1,1,-1,-1,SE,0,2,30,A
6988,1,2,2,3,1,4,2,2,4,5,4,4,5,5,4,4,5,5,5,5,5,5,5,5,5,5,4,4,4,3,1,3,2,1,1,4,3,2,2,1,1,1,1,1,1,3,1,1,1,-1,-1,GB,1,1,51,A
6993,1,1,1,1,1,1,1,1,1,3,3,2,1,1,1,1,1,2,2,3,-1,4,3,3,1,2,5,2,4,2,3,2,1,1,2,1,2,2,1,3,2,1,2,1,1,1,1,1,1,-1,-1,GB,1,1,20,S
6996,1,1,1,1,1,1,1,1,1,4,2,1,1,1,1,1,1,3,5,3,3,4,4,5,4,3,4,3,5,4,4,4,4,3,2,2,4,4,4,3,2,1,1,1,3,2,2,3,1,-1,-1,GB,1,2,21,A
7021,1,1,3,2,1,1,1,1,1,3,4,2,1,2,4,2,1,1,1,3,1,3,2,1,1,3,4,3,2,3,1,3,2,1,3,2,1,1,1,1,1,1,1,1,1,1,2,1,1,-1,-1,GB,1,2,44,S
7024,1,3,3,1,1,1,3,3,1,4,5,5,2,3,5,3,2,2,3,5,1,3,3,1,5,2,4,3,3,4,3,3,3,1,1,1,1,4,1,1,1,2,1,1,3,1,1,1,2,-1,-1,GB,0,2,28,I
7032,1,2,1,1,2,3,2,3,1,4,3,3,2,3,2,2,1,3,2,3,4,3,5,1,1,4,5,4,4,3,4,4,4,1,4,4,3,2,3,3,3,1,3,4,3,3,3,1,1,-1,-1,GB,0,1,30,S
7062,1,1,1,1,1,1,1,1,1,1,3,1,1,1,1,1,1,1,4,4,1,4,1,1,4,3,4,3,1,3,1,4,1,2,2,2,1,3,3,1,3,3,1,2,3,2,1,1,1,-1,-1,GB,1,2,25,A
7064,1,1,1,1,1,1,1,1,1,4,2,2,3,2,2,2,1,3,5,5,5,5,5,5,5,2,2,1,2,2,3,2,1,3,2,2,2,3,2,3,3,1,2,1,1,1,1,1,1,-1,-1,PL,0,1,20,A
7068,1,3,4,1,4,3,5,4,2,3,2,4,5,2,2,2,2,5,5,5,5,5,5,4,-1,5,5,5,5,5,5,5,5,3,4,5,5,5,5,4,5,1,5,1,4,2,2,2,2,-1,-1,GB,1,1,45,S
7069,1,5,1,1,1,1,1,3,1,5,5,5,1,5,3,3,1,1,3,1,1,1,1,5,1,5,3,5,5,5,5,5,5,3,5,3,1,3,3,3,3,5,5,5,3,5,5,3,3,-1,-1,GB,1,1,23,S
7070,1,2,1,1,3,1,2,2,1,2,1,1,3,1,1,1,1,1,1,1,4,4,4,4,1,1,5,2,4,2,3,4,1,4,5,4,3,5,5,3,5,2,2,3,2,2,5,2,4,-1,-1,GB,1,1,20,E
7229,1,3,4,1,1,2,3,1,4,5,5,3,3,5,3,5,3,5,2,3,5,3,5,3,1,3,1,4,5,5,2,3,3,3,2,2,1,3,1,5,1,1,1,1,1,3,3,1,1,-1,-1,GB,0,1,22,I
7301,1,1,1,1,1,1,1,1,1,3,1,1,1,1,3,1,1,1,1,1,1,4,1,1,1,1,3,1,2,2,1,1,1,1,1,1,1,1,1,1,1,1,1,1,1,1,1,1,1,-1,-1,GB,1,2,32,I
7304,1,1,3,1,2,1,2,2,2,5,4,5,3,3,5,3,4,4,5,5,5,5,5,4,5,1,1,3,5,3,4,4,2,1,2,3,4,2,4,3,4,1,1,1,1,1,2,1,1,-1,-1,ES,0,2,23,A
7305,1,5,1,2,2,1,2,1,-1,1,1,1,2,3,1,1,-1,1,1,4,1,4,1,-1,-1,4,2,1,2,2,1,-1,-1,2,2,4,1,4,4,-1,-1,2,1,2,1,2,2,-1,-1,-1,-1,ES,1,1,40,E
7319,1,3,1,1,1,1,1,1,1,5,4,5,4,5,3,4,4,5,4,5,5,5,4,1,3,4,4,3,1,4,2,4,4,3,1,2,1,1,1,2,1,1,4,3,3,3,1,4,1,-1,-1,DE,0,2,39,I
7320,1,1,2,3,2,2,2,2,2,1,1,1,2,1,1,1,1,1,1,1,1,1,-1,1,1,2,1,1,2,1,1,1,1,2,3,4,1,4,4,3,2,2,2,2,2,2,2,2,2,-1,-1,PT,0,1,39,E
7321,1,4,1,4,3,1,3,2,1,4,4,4,-1,3,3,2,2,4,4,5,2,4,3,2,4,5,3,2,2,3,1,1,1,3,1,4,2,5,1,4,1,1,1,1,1,2,4,1,2,-1,-1,DE,0,1,26,A
7322,1,1,2,1,1,1,2,1,2,2,4,4,2,2,4,2,3,2,4,5,4,4,5,3,4,4,4,2,5,2,3,2,1,1,2,1,5,1,1,1,1,1,1,1,2,1,1,1,1,-1,-1,MT,0,2,22,A
7324,1,3,2,1,1,4,1,2,1,2,5,4,4,4,5,4,1,1,3,1,2,1,5,3,1,4,4,4,4,4,3,2,4,4,4,5,3,4,5,4,5,4,3,4,2,4,4,3,3,-1,-1,DE,0,1,31,E
7325,1,3,4,1,1,2,4,3,4,5,5,4,5,4,4,4,4,5,5,5,5,5,5,4,4,4,4,4,4,4,2,4,3,1,1,1,2,1,1,1,1,1,1,1,1,1,1,1,1,-1,-1,GB,0,1,35,A
7326,1,2,5,4,4,4,4,3,4,5,4,4,5,4,4,4,3,2,2,1,3,2,3,3,1,3,4,2,3,2,1,1,3,2,3,4,2,3,2,3,2,4,4,5,3,5,4,4,3,-1,-1,SE,0,1,36,I
7329,1,5,5,5,3,2,5,2,5,5,4,4,4,4,5,3,5,3,4,5,4,5,5,5,5,5,4,4,5,4,4,4,4,4,4,4,2,5,2,2,5,2,3,3,2,3,3,2,3,-1,-1,GB,1,2,42,A
7333,1,1,1,1,1,1,1,1,1,3,2,1,1,1,1,1,1,4,4,1,3,4,5,3,5,5,4,3,4,4,2,4,4,2,3,3,4,2,2,3,2,2,2,1,4,2,2,1,2,-1,-1,GB,1,2,26,S
7334,1,3,4,1,4,3,4,3,3,5,4,4,4,5,3,4,2,4,3,2,3,3,4,4,2,2,3,3,3,2,4,4,3,2,2,2,2,2,3,2,2,1,2,2,1,2,3,2,2,-1,-1,GB,0,1,19,I
7335,1,3,2,3,5,3,4,3,3,3,3,4,3,3,3,4,5,1,3,3,3,3,3,3,3,2,4,1,1,1,1,2,1,2,2,2,1,3,2,1,1,2,2,2,1,4,3,1,2,-1,-1,GB,0,1,21,I
7336,1,5,1,1,1,1,1,1,1,5,5,5,1,1,5,1,1,1,5,5,1,1,1,1,1,5,3,5,1,5,1,5,1,1,1,1,1,1,1,1,1,1,1,1,1,1,1,1,1,-1,-1,GB,0,1,35,S
7338,1,5,4,2,1,2,1,1,4,1,4,1,1,1,1,1,3,1,1,4,1,2,1,3,2,5,3,4,5,3,1,4,3,1,3,5,4,3,5,3,4,3,2,1,1,3,3,3,5,-1,-1,DE,0,2,32,S
7339,1,3,2,1,2,1,2,2,1,4,3,4,5,2,4,2,4,2,4,4,2,4,3,3,2,4,4,4,4,4,4,3,4,1,3,2,2,2,2,3,2,3,2,2,4,1,1,2,3,-1,-1,GB,0,2,18,S
7383,1,1,1,3,1,1,1,1,1,5,5,5,5,1,5,1,3,5,5,5,5,5,5,5,5,5,5,5,5,5,5,5,3,1,1,1,3,1,1,1,1,1,1,1,1,1,1,1,1,-1,-1,GB,0,2,50,A
7384,1,3,3,1,4,1,2,4,3,3,4,1,2,1,3,1,4,4,4,4,4,5,3,2,4,5,2,5,2,5,4,5,5,1,1,5,3,3,2,5,4,4,4,4,4,3,5,5,4,-1,-1,GB,0,2,23,S
7385,1,2,1,1,5,1,2,1,2,5,5,5,5,5,4,4,4,2,3,3,1,4,2,2,3,3,2,2,2,2,2,2,1,3,1,2,1,4,1,2,2,2,2,2,3,4,3,2,2,-1,-1,GB,0,1,22,I
7386,1,5,1,1,2,2,1,1,1,3,1,1,1,1,1,1,1,1,1,1,1,1,1,1,1,3,4,1,1,3,1,1,3,1,1,5,1,3,1,1,1,3,5,5,5,5,3,5,5,-1,-1,GB,0,1,27,C
7387,1,4,5,2,2,3,2,3,2,2,1,1,2,2,2,2,2,2,1,2,2,2,2,2,2,3,1,2,5,2,4,2,3,2,1,4,4,2,3,2,3,5,4,5,5,5,5,5,5,-1,-1,GB,0,2,31,C
7389,1,4,3,1,2,2,3,2,3,3,2,2,3,3,2,2,3,3,2,3,2,2,4,2,4,2,2,3,1,4,3,4,3,1,1,2,2,2,2,2,3,3,1,3,2,3,3,3,2,-1,-1,GB,0,1,46,A
7390,1,3,1,2,1,4,1,3,1,4,3,3,2,3,1,4,1,1,4,1,1,1,1,1,1,4,1,4,4,4,4,4,3,4,1,4,4,4,4,5,5,4,3,4,4,4,5,5,5,-1,-1,GB,0,1,51,C
7391,1,4,3,2,3,4,3,3,4,3,4,4,3,3,4,2,3,2,2,2,2,2,2,2,2,2,4,4,2,4,4,2,4,3,4,4,2,2,4,4,4,4,4,4,4,4,4,4,4,-1,-1,GB,0,1,21,C
7392,1,1,1,1,1,1,1,1,1,5,5,5,5,5,3,5,1,3,1,3,5,3,5,1,3,3,3,-1,1,3,3,5,5,1,1,1,3,3,1,1,1,3,3,5,5,3,1,3,5,-1,-1,GB,0,2,60,I
7393,1,3,2,2,4,1,2,3,2,4,5,5,4,4,4,4,4,4,4,4,4,4,5,2,4,3,3,2,4,2,1,1,3,2,2,3,3,4,2,2,1,2,4,2,2,3,4,1,2,-1,-1,GB,0,1,42,I
7397,1,5,3,1,4,1,4,4,1,4,4,3,3,1,2,3,2,1,2,2,3,3,3,1,3,1,4,1,3,1,1,4,3,1,1,1,1,1,1,1,1,3,5,3,3,4,3,3,5,-1,-1,GB,0,2,27,C
7398,1,3,2,4,4,3,3,3,2,2,4,3,3,3,2,4,-1,1,2,1,1,-1,1,2,1,5,3,3,3,3,2,4,3,1,2,2,2,3,2,2,3,2,3,2,3,3,3,2,4,-1,-1,GB,1,1,27,S
7399,1,3,2,3,3,1,1,1,2,3,3,4,4,4,3,4,3,1,1,2,1,5,2,1,2,2,3,1,2,1,1,2,1,3,1,3,1,4,2,2,2,2,2,3,3,4,4,2,2,-1,-1,GB,0,1,29,I
7538,1,4,1,3,4,1,2,3,3,5,5,3,2,1,4,1,3,1,3,1,4,1,2,5,3,4,1,5,4,5,4,2,4,5,4,5,2,4,4,5,4,4,4,4,3,3,3,4,4,-1,-1,NO,0,1,34,E
7539,1,3,3,1,1,1,2,1,2,2,4,4,1,1,2,1,1,5,4,4,5,5,5,3,3,3,4,4,4,4,4,4,3,1,1,1,1,1,1,2,1,1,1,1,2,1,2,1,1,-1,-1,GB,1,2,60,A
7541,1,2,3,4,4,2,2,2,1,5,5,4,5,5,5,4,5,2,3,5,3,3,1,4,2,4,4,1,5,1,1,1,1,5,3,4,2,4,3,3,2,2,2,2,3,4,2,1,3,-1,-1,GB,0,1,16,I
7542,1,3,2,4,3,3,2,2,3,5,4,5,5,5,4,4,5,1,4,1,5,5,4,4,4,5,1,1,3,1,1,3,2,2,1,2,1,5,1,3,3,2,4,3,2,3,3,3,3,-1,-1,GB,0,1,32,I
7543,1,5,5,2,4,1,4,2,4,5,3,3,4,4,5,4,4,2,4,5,4,5,5,2,5,3,5,5,1,3,4,5,3,2,3,3,4,2,2,1,4,3,3,4,3,4,3,3,3,-1,-1,GB,0,1,49,I
7544,1,4,1,1,2,1,1,1,1,1,1,1,1,1,1,1,1,1,2,4,1,2,1,2,1,5,2,1,5,1,4,1,1,3,1,5,2,5,1,1,3,2,2,3,1,4,2,1,1,-1,-1,SE,0,1,30,E
7545,1,3,1,1,2,1,1,2,1,2,2,4,2,2,4,2,2,2,5,4,2,5,2,4,5,4,5,4,1,5,4,4,4,1,4,4,3,5,4,4,3,1,3,3,2,2,2,2,1,-1,-1,GB,0,2,16,S
7546,1,5,1,1,1,1,1,1,1,5,3,3,3,3,3,4,3,1,1,3,1,1,1,1,1,2,5,1,4,1,4,4,2,1,4,4,1,4,4,1,1,1,3,4,5,4,4,3,4,-1,-1,PL,0,2,29,C
7548,1,1,1,1,3,1,3,1,1,4,5,4,5,5,4,4,2,2,2,2,5,2,5,1,1,1,1,1,3,1,1,1,1,3,3,3,1,3,1,4,1,3,5,4,3,5,3,3,3,-1,-1,EE,1,1,23,I
7578,1,3,1,1,4,1,1,3,1,4,3,5,5,5,4,5,1,4,5,2,5,5,4,4,2,4,3,2,3,3,1,1,2,3,3,1,1,1,1,1,3,1,1,1,1,1,3,1,1,-1,-1,PT,0,1,18,I
7580,1,3,3,1,5,1,3,1,2,4,3,3,2,3,3,3,2,2,2,2,2,2,2,2,2,4,3,2,2,5,2,4,2,4,3,4,1,4,4,3,4,2,2,5,3,2,2,2,3,-1,-1,GB,1,1,21,E
7581,1,2,2,1,2,1,3,1,2,4,4,4,4,4,4,4,3,2,3,3,3,1,3,1,3,2,2,2,2,1,1,1,2,1,1,1,1,1,1,1,1,1,1,1,1,2,2,1,1,-1,-1,GB,0,1,32,I
7582,1,4,5,1,4,2,5,4,4,4,5,5,5,4,4,4,3,1,1,4,3,4,2,1,2,5,5,5,3,5,1,5,5,2,4,1,3,2,4,1,4,1,1,2,4,4,1,1,1,-1,-1,GB,0,1,32,I
7583,1,3,1,3,1,1,1,1,1,5,5,5,5,5,5,5,5,1,4,3,3,4,2,4,4,2,5,4,3,4,2,1,3,2,1,1,1,5,1,2,1,2,1,1,1,2,1,2,1,-1,-1,AL,0,2,17,I
7584,1,1,3,1,1,1,1,1,1,1,5,1,1,1,1,1,1,5,5,5,5,5,5,5,5,5,5,5,5,5,5,5,3,3,3,3,5,3,3,3,3,1,1,1,1,1,1,1,1,-1,-1,GB,1,2,31,A
7585,1,3,2,1,4,2,3,2,2,4,5,4,3,4,4,4,3,3,3,4,4,4,4,4,3,4,2,2,4,4,3,2,2,2,3,2,2,3,3,3,3,2,3,2,3,3,3,3,2,-1,-1,GB,1,1,20,I
7586,1,3,3,1,3,3,4,2,4,5,4,5,5,4,5,5,4,2,2,4,4,4,1,1,4,3,3,2,4,2,2,4,2,4,3,4,2,4,3,3,4,2,4,3,2,1,3,2,3,-1,-1,DE,0,2,37,I
7587,1,3,1,1,1,1,1,1,1,3,5,1,1,1,1,1,1,3,3,3,5,1,5,1,1,3,3,1,1,1,1,1,1,3,3,3,1,5,5,5,5,5,1,5,5,5,3,5,3,-1,-1,PL,1,2,22,C
7738,1,4,1,1,2,1,1,2,1,3,3,2,2,2,2,2,2,3,3,2,4,4,4,1,2,2,3,1,2,1,1,2,2,2,2,2,2,2,2,2,2,3,4,4,4,5,5,3,3,-1,-1,GB,0,2,40,C
7739,1,5,2,1,4,1,3,2,1,5,5,3,4,4,4,4,2,4,4,5,5,5,4,2,5,1,3,3,3,4,4,1,3,2,3,3,3,5,3,1,3,3,3,3,3,3,2,3,4,-1,-1,SE,0,2,21,A
7741,1,3,4,4,5,3,5,3,4,4,5,5,4,5,5,5,5,2,2,5,4,5,4,5,4,3,1,2,5,1,2,2,1,3,4,3,4,2,3,3,5,4,5,4,4,4,4,1,3,-1,-1,ES,0,1,26,I
7744,1,3,3,5,2,2,2,2,3,3,4,5,3,2,4,2,4,2,4,5,2,4,3,2,4,3,4,5,4,4,5,5,4,1,3,3,1,2,2,2,2,1,3,3,2,2,2,3,2,-1,-1,NO,0,2,32,S
7816,1,3,2,2,1,1,3,2,1,4,5,5,2,3,4,3,4,1,5,4,3,3,4,5,4,5,4,2,4,4,4,4,3,2,3,4,2,4,5,3,5,1,2,1,2,2,2,2,2,-1,-1,FI,0,2,26,I
7817,1,1,1,1,2,1,3,2,2,4,3,3,3,4,3,4,2,1,2,2,2,3,2,3,3,3,2,2,4,2,2,2,2,1,1,3,1,3,2,2,2,1,1,1,1,3,1,2,2,-1,-1,NO,0,1,31,I
8447,1,3,1,5,1,5,1,1,1,5,5,1,3,1,5,1,1,1,1,5,1,1,1,1,1,1,1,1,1,1,1,1,1,5,3,5,1,3,1,5,1,1,1,1,1,1,1,1,1,-1,-1,GB,0,2,28,E
8450,1,1,1,1,1,-1,-1,1,1,1,5,4,1,-1,-1,1,1,1,1,1,5,-1,-1,5,1,1,5,1,4,-1,-1,1,4,1,1,1,1,-1,-1,5,1,1,1,1,1,-1,-1,1,1,-1,-1,ES,1,1,49,S
8451,1,3,3,1,3,1,3,2,2,2,3,3,3,4,2,3,2,3,3,1,4,2,3,2,2,3,3,3,3,3,3,4,3,2,2,1,1,2,2,3,1,1,2,2,2,2,2,2,2,-1,-1,SE,0,1,41,S
8453,1,1,4,3,2,1,4,1,1,4,5,5,5,5,4,4,3,5,5,5,5,5,5,3,5,3,4,3,3,3,2,3,2,1,2,5,3,4,4,2,1,2,1,2,2,4,3,3,3,-1,-1,PL,0,2,28,A
8455,1,1,1,1,2,1,1,1,1,4,3,4,4,4,3,4,2,2,4,3,5,5,3,2,3,5,5,2,3,3,5,4,2,2,2,3,2,4,3,1,4,1,2,1,2,2,2,1,2,-1,-1,PT,0,2,40,S
8457,1,1,2,-1,-1,1,1,1,1,1,1,-1,-1,1,1,1,1,1,2,-1,-1,4,1,1,1,4,2,-1,-1,3,3,3,1,4,2,-1,-1,5,1,3,1,4,2,-1,-1,3,3,2,3,-1,-1,GB,0,2,22,C
8458,1,2,5,2,5,5,5,3,4,4,4,3,2,2,2,2,2,2,4,5,5,5,3,4,5,2,4,4,4,4,4,5,4,1,3,2,4,1,5,1,3,1,3,2,2,1,3,3,2,-1,-1,GB,0,1,22,A
8459,1,4,4,4,5,4,2,3,3,5,2,2,3,-1,1,2,4,2,1,2,2,1,1,1,2,2,3,1,1,1,-1,2,1,1,1,1,1,2,1,1,1,3,3,3,3,3,4,3,3,-1,-1,GB,0,1,52,R
8460,1,1,2,1,1,1,3,1,2,3,2,2,3,4,1,2,3,4,3,5,5,3,4,2,4,5,5,5,-1,4,-1,4,3,2,2,2,4,3,2,3,3,2,3,2,2,2,4,1,2,-1,-1,HR,0,2,22,A
8461,1,1,3,3,4,1,3,1,2,4,4,4,4,3,4,3,4,4,4,4,4,4,4,3,4,4,4,2,3,1,2,3,2,1,2,3,3,4,4,2,4,1,1,1,1,3,3,2,1,-1,-1,GB,0,1,28,A
8463,1,2,4,1,1,1,1,1,1,4,3,2,4,3,2,2,3,4,5,4,5,4,4,4,4,2,3,5,4,5,2,5,4,1,1,2,2,1,3,4,4,1,1,1,1,1,2,3,1,-1,-1,GB,1,2,54,A
8464,1,2,2,3,1,1,3,1,2,2,3,2,3,2,3,2,3,4,4,2,4,5,4,3,2,3,2,1,4,2,3,3,2,2,2,3,2,3,2,3,3,1,2,1,2,2,3,2,2,-1,-1,GB,1,1,42,A
8465,1,3,2,2,5,2,4,3,1,1,1,1,5,1,3,1,5,1,2,5,1,4,5,1,4,2,1,2,1,1,1,5,3,1,-1,1,1,5,1,1,5,2,3,5,3,5,5,3,4,-1,-1,GB,0,2,38,C
8466,1,1,1,1,1,1,1,1,1,5,3,1,1,3,3,1,1,2,2,2,1,1,1,2,1,3,1,1,3,3,3,1,3,2,1,1,1,1,1,3,1,2,2,3,1,2,1,1,1,-1,-1,GB,1,2,22,I
8478,1,2,2,2,3,3,3,3,3,3,4,4,4,4,3,3,4,2,3,2,3,4,3,4,2,2,3,2,3,2,1,2,1,3,2,3,2,3,2,1,2,2,1,2,2,4,3,2,3,-1,-1,GB,0,1,26,I
8479,1,1,1,1,3,1,2,1,1,4,4,4,2,3,2,3,2,1,3,2,3,3,3,1,2,1,3,1,1,1,2,2,1,1,1,2,2,2,2,1,3,1,1,1,1,1,2,1,1,-1,-1,GB,1,1,32,I
8482,1,4,1,2,3,1,1,2,1,5,4,5,5,5,5,5,5,2,4,4,2,4,5,4,4,5,5,5,4,4,2,3,4,1,3,1,3,4,1,2,3,3,3,3,3,4,1,2,2,-1,-1,AL,1,2,17,I
8483,1,2,2,4,4,3,4,3,3,3,3,4,4,4,4,2,4,1,1,3,2,5,3,5,2,1,4,1,1,1,2,4,1,5,2,4,2,5,3,4,1,2,3,3,4,5,3,3,2,-1,-1,AL,1,1,27,I
8484,1,1,1,1,1,1,1,1,1,5,2,4,5,5,1,5,1,3,4,4,1,5,3,4,2,1,3,3,1,2,1,1,1,2,4,4,5,5,4,2,2,3,5,2,4,3,5,1,1,-1,-1,AL,0,2,17,I
8486,1,2,1,3,4,2,2,1,1,3,4,4,4,4,4,4,4,3,2,5,4,4,4,1,4,2,1,1,2,1,1,1,1,1,2,5,1,5,3,3,4,3,4,4,4,4,4,4,4,-1,-1,PT,0,1,23,I
8487,1,2,1,1,1,1,1,1,1,3,1,1,1,1,1,1,1,1,1,4,5,5,4,2,5,3,5,4,4,5,5,5,5,1,5,4,1,1,1,1,1,1,4,2,1,1,3,1,2,-1,-1,DE,1,2,27,S
8488,1,3,2,1,4,1,2,1,2,4,4,4,4,4,4,3,2,4,4,4,4,4,4,3,4,4,3,2,4,4,4,4,2,2,1,2,3,3,2,3,4,1,1,2,1,3,3,2,2,-1,-1,DE,0,1,32,A
8489,1,2,1,1,3,2,2,2,1,3,4,4,5,4,5,4,3,3,4,3,5,5,4,4,4,3,4,4,3,4,4,3,5,3,2,2,2,4,2,3,4,4,3,4,4,3,3,2,3,-1,-1,DE,0,1,20,I
8490,1,2,3,3,3,3,4,2,4,5,3,4,4,4,3,3,4,3,3,3,3,3,4,4,3,2,4,3,3,2,2,2,3,1,2,2,2,2,2,1,2,1,2,1,1,1,2,1,2,-1,-1,GB,0,1,30,I
8491,1,1,1,2,2,2,3,3,4,4,4,4,4,1,2,1,2,5,3,5,1,1,3,2,2,2,2,5,3,5,1,1,4,1,2,3,1,3,2,1,4,2,2,1,2,1,1,3,2,-1,-1,GB,0,1,25,S
8495,1,1,2,1,1,1,3,1,3,2,4,3,1,1,2,1,1,2,4,2,4,5,3,4,3,3,4,4,3,4,4,4,4,2,1,3,3,2,3,1,1,2,1,1,2,2,1,1,1,-1,-1,GB,1,2,36,S
8496,1,3,1,1,4,3,5,3,1,4,1,5,5,5,3,5,5,1,1,1,3,1,3,5,1,1,1,3,1,2,1,4,1,1,1,1,1,1,1,2,1,1,1,1,1,1,1,1,1,-1,-1,GB,0,1,26,I
8497,1,4,3,3,4,2,3,3,2,5,4,4,2,2,3,3,2,1,1,1,1,2,3,1,1,3,4,1,4,2,1,1,2,1,2,4,1,3,1,1,1,3,3,3,4,4,4,4,4,-1,-1,NO,0,1,30,C
8500,1,3,4,1,4,2,4,3,3,5,5,5,5,5,5,5,3,2,1,5,3,3,5,2,5,2,3,1,2,1,3,2,2,1,2,1,1,3,3,1,2,3,5,4,3,2,3,2,4,-1,-1,FI,0,2,30,I
8501,1,3,2,1,3,1,1,2,1,1,2,1,1,1,2,1,3,2,2,5,3,2,2,1,3,3,3,1,1,1,1,1,1,2,2,1,1,1,1,1,1,1,2,3,3,2,4,1,1,-1,-1,GB,1,1,58,A
8502,1,1,1,1,1,1,1,1,1,3,2,1,2,3,3,1,3,3,3,3,3,5,3,3,3,4,3,3,3,5,3,4,2,1,3,3,1,3,2,1,2,1,2,1,1,1,3,1,1,-1,-1,ES,1,2,60,S
8503,1,3,4,1,3,1,2,3,2,5,5,5,3,2,4,3,5,4,5,5,5,5,4,4,5,2,5,1,4,1,1,2,1,1,1,4,4,3,3,1,3,1,3,1,3,1,2,1,2,-1,-1,GB,0,2,31,A
8504,1,2,2,2,3,2,-1,1,2,4,2,3,4,4,2,2,3,4,4,4,4,3,3,2,3,5,2,2,3,4,2,2,1,3,2,5,3,5,2,3,3,1,1,2,2,2,3,3,1,-1,-1,GB,0,1,30,A
8505,1,3,3,2,3,2,4,3,4,2,2,2,3,2,4,3,5,1,1,3,2,2,4,4,4,3,2,2,2,1,2,3,1,1,3,2,1,2,2,2,4,3,4,3,3,4,4,3,4,-1,-1,GB,0,1,50,C
8506,1,2,1,1,1,1,1,1,1,3,2,1,3,2,1,1,2,2,1,1,1,1,1,1,1,1,1,1,1,1,1,1,1,1,1,1,1,2,1,1,1,1,1,1,1,4,2,1,1,-1,-1,GB,0,1,29,I
8507,1,4,1,3,4,4,4,4,1,4,3,1,1,1,3,1,1,1,1,3,1,4,3,1,1,4,1,1,4,3,1,1,1,1,4,4,1,2,1,1,3,1,4,4,3,4,4,1,3,-1,-1,GB,0,1,27,R
8508,1,3,2,1,4,2,2,3,2,4,4,4,4,4,4,4,5,5,2,4,3,3,5,2,4,1,3,1,1,1,2,2,1,1,1,2,1,2,2,1,2,2,3,2,2,4,3,1,2,-1,-1,GB,0,1,25,I
8510,1,3,1,1,4,1,1,1,1,2,2,2,2,2,2,2,2,2,2,1,2,4,4,2,1,1,3,2,1,2,4,3,1,1,3,2,1,2,2,1,1,1,1,2,1,4,3,1,1,-1,-1,GB,0,1,17,A
8511,1,3,2,1,2,1,3,2,3,4,3,1,2,1,2,1,2,4,2,1,1,1,1,1,1,-1,1,1,4,1,1,2,1,1,1,5,2,5,3,1,1,4,3,4,4,4,5,4,4,-1,-1,GB,1,2,43,C
8512,1,3,1,1,1,1,1,1,1,5,5,5,5,5,3,4,1,1,1,5,1,1,1,4,4,5,5,4,3,5,1,4,2,1,3,4,1,4,3,1,4,3,2,1,3,5,5,2,3,-1,-1,GB,0,2,46,I
8513,1,3,4,1,3,3,3,3,1,5,3,4,4,4,4,4,5,3,4,5,5,5,4,3,5,4,3,4,3,4,4,4,5,2,2,4,2,4,2,2,2,2,1,1,2,3,2,2,1,-1,-1,GB,0,2,59,A
8514,1,3,2,1,2,2,2,2,2,3,3,4,2,2,2,2,4,2,4,4,2,4,2,2,4,3,4,1,2,2,2,3,3,2,3,2,2,3,3,3,3,2,4,4,4,5,3,3,4,-1,-1,GB,0,3,100,C
8515,1,4,3,2,2,3,3,2,3,4,4,4,3,4,5,3,4,5,3,3,4,5,5,4,4,2,4,2,3,2,3,3,3,2,3,3,2,3,3,1,4,3,3,2,3,3,3,3,2,-1,-1,GB,0,1,43,A
8516,1,4,1,3,4,4,3,3,2,4,2,3,3,3,2,4,3,5,3,2,2,3,-1,5,4,2,3,1,3,2,5,2,2,1,2,2,1,2,3,1,2,2,2,3,2,4,4,1,3,-1,-1,GB,0,1,16,R
8520,1,2,3,4,3,3,2,2,2,3,3,3,4,3,4,4,4,2,4,4,3,4,3,5,4,2,3,2,4,2,1,3,1,1,4,2,3,2,4,3,4,1,3,2,2,2,2,2,3,-1,-1,SE,0,1,27,A
8523,1,3,-1,1,-1,1,1,1,1,3,5,5,1,1,4,1,1,1,1,1,1,1,1,1,1,5,2,1,1,1,1,1,3,1,1,3,1,5,1,3,1,5,2,3,5,5,2,1,3,-1,-1,GB,1,2,21,C
8524,1,2,2,1,1,1,4,1,1,5,4,3,3,4,3,2,1,3,3,2,4,4,5,1,3,4,4,2,3,5,4,5,4,1,2,2,3,2,2,3,2,1,1,1,1,1,1,2,1,-1,-1,GB,0,2,50,S
8525,1,1,2,4,1,1,1,1,2,4,2,1,1,1,2,1,1,4,2,2,3,4,1,4,1,3,1,3,4,1,1,1,3,3,1,3,3,2,2,4,2,1,1,1,1,1,4,3,1,-1,-1,GB,0,2,24,A
8526,1,1,1,1,1,1,1,1,1,1,5,5,1,1,5,1,1,1,1,5,1,1,3,1,1,5,3,2,2,4,4,4,1,1,3,2,5,4,4,4,4,1,1,1,2,3,4,4,1,-1,-1,GB,0,2,30,E
8527,1,3,1,1,1,1,1,1,1,5,5,5,3,5,5,2,5,3,5,5,5,5,4,1,5,3,5,3,3,5,4,5,4,3,1,5,3,5,4,4,4,3,1,1,4,3,2,2,3,-1,-1,GB,0,2,34,I
8528,1,3,3,1,2,1,3,2,3,3,2,3,3,3,3,3,3,1,1,2,3,5,3,4,2,2,3,1,2,2,3,3,2,1,1,3,2,2,2,3,2,3,2,2,2,2,3,2,2,-1,-1,GB,1,2,54,I
8529,1,3,3,4,2,3,3,2,3,3,4,4,4,4,4,3,3,1,2,3,2,2,2,2,4,4,4,4,3,4,4,4,4,1,2,2,1,3,2,1,1,2,2,4,2,4,3,3,3,-1,-1,GB,0,1,38,S
8530,1,2,1,1,3,1,1,1,1,3,3,3,2,4,3,2,4,1,2,4,4,5,4,1,4,1,3,1,1,1,3,2,1,1,1,1,1,1,1,1,2,1,1,1,1,4,3,1,1,-1,-1,GB,0,1,34,A
8531,1,1,1,3,4,1,4,2,1,4,1,4,5,4,4,4,4,4,1,2,2,2,5,1,3,-1,3,2,1,2,1,4,2,1,1,1,1,1,1,1,1,1,2,3,1,3,5,1,1,-1,-1,GB,0,1,43,I
8532,1,1,1,1,1,1,1,1,1,2,5,2,2,2,3,2,1,2,3,1,3,4,4,2,1,2,4,2,2,4,1,2,3,1,3,1,2,2,1,1,3,1,1,1,1,1,1,1,1,-1,-1,GB,0,2,29,A
8537,1,3,4,3,3,1,3,3,4,5,5,5,3,4,4,4,3,4,4,5,4,5,5,2,4,4,4,5,4,4,2,4,1,3,1,5,4,4,3,4,4,1,1,1,3,1,3,3,1,-1,-1,GB,0,2,-1,I
8539,1,2,3,4,1,2,2,2,2,4,2,4,2,4,4,4,4,2,2,4,2,4,3,4,4,4,4,4,2,3,4,4,3,3,3,4,3,2,4,3,4,1,4,1,2,2,2,2,1,-1,-1,GB,0,2,21,I
8540,1,1,1,1,3,1,4,1,2,1,1,1,2,1,3,1,2,1,1,1,2,1,4,1,2,2,4,4,3,4,3,4,3,1,1,4,2,4,3,2,3,1,3,4,3,4,3,1,3,-1,-1,GB,0,2,30,S
8541,1,1,2,1,1,1,1,1,1,5,4,1,4,3,2,1,4,3,4,2,2,4,3,4,3,3,3,1,3,3,2,4,1,3,1,1,4,3,3,4,1,1,1,1,1,1,3,1,1,-1,-1,GB,1,-1,32,A
8543,1,4,1,1,1,1,1,1,1,1,5,4,1,1,4,3,2,1,1,1,1,1,1,1,3,1,1,1,1,1,1,1,1,3,2,5,2,5,4,2,4,4,4,4,4,4,4,4,4,-1,-1,GB,0,1,19,C
8544,1,1,1,2,1,1,1,1,1,2,2,2,2,2,3,2,2,1,4,3,2,2,3,3,4,3,1,2,4,4,2,2,2,4,4,5,3,5,5,4,4,3,2,3,2,3,3,3,2,-1,-1,GB,1,2,23,E
8546,1,1,2,1,1,1,1,1,3,4,3,3,5,3,2,1,2,1,2,3,1,1,1,1,3,4,5,5,4,4,4,5,4,1,2,2,3,3,2,2,2,2,1,1,3,2,1,1,1,-1,-1,GB,0,2,21,S
8549,1,3,4,2,4,4,4,4,4,3,4,4,4,4,3,4,4,1,1,2,3,3,3,1,2,4,2,3,2,3,2,2,2,2,1,2,2,2,1,1,1,1,1,1,1,1,1,1,1,-1,-1,PL,1,1,33,I
8551,1,2,4,5,2,1,2,1,1,5,5,5,4,5,5,5,5,4,5,3,4,5,4,1,4,5,1,1,1,1,1,1,1,5,1,2,1,5,1,1,4,1,2,1,1,2,4,1,1,-1,-1,NO,0,1,40,I
8552,1,1,1,1,1,1,1,1,1,4,3,4,1,1,1,3,1,2,1,1,5,5,5,1,1,1,3,1,1,1,1,1,3,1,1,1,1,1,1,1,1,1,1,1,1,1,1,1,1,-1,-1,SE,0,3,42,A
8553,1,1,1,1,2,1,2,2,1,1,5,5,3,1,5,2,5,2,3,5,4,5,3,1,5,3,4,2,2,3,4,5,4,3,3,3,3,3,4,4,4,2,4,3,2,3,3,2,3,-1,-1,PL,0,2,17,A
8554,1,5,5,5,4,4,4,5,4,2,5,5,5,4,5,5,5,3,1,4,4,4,2,5,5,2,4,1,4,1,1,1,1,1,1,4,1,1,1,1,1,4,5,5,4,4,4,4,5,-1,-1,SE,0,1,35,R
8555,1,2,3,3,4,1,3,1,1,4,5,5,4,5,4,4,4,3,2,2,3,4,4,2,2,4,4,2,2,2,2,4,3,2,3,3,1,3,1,1,3,1,2,2,2,4,4,2,3,-1,-1,ES,0,1,33,I
8558,1,2,5,1,3,1,5,1,4,5,5,5,5,5,5,5,5,3,3,4,3,5,5,4,5,1,4,1,1,1,1,1,3,1,1,1,4,1,1,1,3,1,3,1,1,1,1,1,1,-1,-1,DE,0,2,29,I
8559,1,2,2,1,3,1,1,1,1,4,4,4,2,3,4,3,3,2,4,5,3,5,3,1,4,1,2,1,3,1,1,1,1,1,1,1,1,1,1,1,2,1,1,1,1,1,1,1,1,-1,-1,GB,0,1,23,I
8560,1,4,5,3,3,1,4,1,3,4,5,3,4,4,3,3,1,1,4,2,4,4,4,4,3,2,3,3,4,3,3,3,2,1,1,3,3,4,3,4,2,3,3,3,3,4,3,4,3,-1,-1,GB,1,1,44,I
8562,1,5,3,3,1,1,2,1,2,5,5,5,3,3,4,3,4,1,4,5,5,4,5,3,3,3,5,4,4,4,4,4,3,3,3,2,4,1,3,2,3,1,2,1,1,1,2,1,1,-1,-1,NO,1,2,27,I
8563,1,2,1,1,1,1,1,1,1,4,4,2,3,1,2,1,1,2,5,3,3,4,3,3,2,4,2,2,3,4,3,2,1,3,2,4,2,4,3,4,2,1,3,1,1,1,1,3,2,-1,-1,FI,0,1,24,A
8565,1,4,2,2,2,2,3,3,2,4,4,4,3,4,4,3,4,2,2,2,4,4,4,2,2,2,3,2,2,2,3,2,1,1,1,4,2,3,3,3,2,4,3,3,3,3,4,3,4,-1,-1,GB,1,1,23,I
8566,1,4,1,3,4,3,3,2,1,3,3,3,4,3,3,3,4,2,3,2,3,2,3,1,2,2,3,1,1,1,3,3,1,2,2,1,1,2,2,1,4,2,3,2,1,4,4,1,3,-1,-1,GB,0,1,18,I
8567,1,2,1,1,3,1,2,1,1,5,5,5,4,4,5,4,5,2,3,3,5,4,5,3,3,3,3,2,3,3,2,2,1,2,1,1,1,2,1,2,2,1,2,1,1,1,1,1,1,-1,-1,GB,1,1,25,I
8569,1,2,3,1,3,3,3,3,3,3,3,3,3,3,3,3,3,2,3,3,5,3,5,3,3,3,3,3,3,4,3,3,3,3,3,3,3,3,3,3,3,3,2,3,3,3,3,3,3,-1,-1,SE,0,1,16,A
8570,1,3,3,2,4,1,3,3,3,5,2,1,4,2,3,3,2,1,1,2,3,1,2,2,2,5,3,5,3,3,1,1,1,1,2,3,3,2,3,2,1,2,4,3,3,1,3,3,4,-1,-1,PT,0,2,14,C
8571,1,3,2,4,1,2,2,1,1,4,4,4,4,3,5,2,-1,4,3,3,4,4,3,3,4,5,3,3,4,3,2,2,3,-1,3,4,1,-1,4,4,4,2,1,1,2,3,3,3,2,-1,-1,PT,0,1,36,A
8572,1,3,3,3,4,2,3,3,4,5,5,5,4,5,5,4,5,4,2,5,3,4,5,2,4,3,5,1,4,2,2,3,2,2,3,3,2,2,3,2,2,3,3,3,3,4,3,3,3,-1,-1,ES,0,2,40,I
8573,1,2,2,1,3,2,3,2,2,2,3,2,2,2,3,2,2,2,4,3,2,2,3,2,2,4,5,3,3,4,3,3,2,2,4,4,3,3,3,2,3,3,3,2,3,2,3,2,3,-1,-1,ES,1,2,22,S
8574,1,5,-1,1,5,2,3,3,2,5,5,5,5,5,5,4,4,1,2,4,4,4,4,2,2,2,1,2,3,1,2,4,2,2,1,3,1,4,2,2,2,2,5,5,5,5,4,2,3,-1,-1,ES,0,1,35,I
8575,1,3,2,2,3,1,2,2,2,4,4,4,2,4,4,4,4,3,2,3,2,2,4,3,2,3,4,2,3,2,2,2,2,1,2,2,2,2,2,1,1,1,2,3,1,3,3,1,1,-1,-1,FI,0,1,40,I
8580,1,4,4,3,3,1,4,2,3,3,3,4,4,4,4,3,5,2,1,3,4,5,4,4,1,4,3,3,3,4,4,3,1,1,2,1,3,1,1,1,1,3,4,3,3,3,3,3,3,-1,-1,GB,0,1,42,I
8581,1,1,2,2,3,2,3,3,1,5,5,5,5,5,5,5,5,5,5,5,5,5,5,4,4,5,4,4,-1,4,3,5,4,2,3,4,4,5,4,3,4,1,1,4,2,5,5,2,3,-1,-1,GB,1,1,36,I
8582,1,1,3,2,2,2,2,2,2,4,4,4,4,4,4,2,4,4,2,2,4,2,4,2,2,3,3,2,2,2,2,2,2,2,2,2,2,4,2,2,2,2,3,3,2,3,2,2,2,-1,-1,GB,0,1,49,I
8583,1,3,4,5,2,2,3,2,3,4,3,4,4,4,3,4,4,3,3,5,3,4,4,5,4,3,3,3,3,3,3,3,3,3,3,4,3,4,3,3,3,3,2,3,2,3,3,3,3,-1,-1,GB,0,1,30,A
8584,1,3,3,1,3,1,3,1,1,2,4,4,4,4,2,4,1,4,4,2,3,4,4,2,1,3,2,1,2,2,1,2,1,3,1,2,1,2,1,1,1,3,2,4,1,3,4,1,1,-1,-1,GB,0,1,15,I
8585,1,3,4,2,3,3,4,2,3,3,3,3,4,3,4,4,4,3,4,4,1,4,3,3,4,4,3,3,2,3,3,4,2,2,2,4,2,4,3,2,4,3,3,3,3,4,3,2,4,-1,-1,GB,0,1,29,I
8586,1,3,3,5,5,2,3,2,1,4,4,4,4,5,4,5,5,1,1,3,1,2,1,1,2,1,1,1,1,1,1,1,1,1,3,1,1,1,1,2,1,4,4,5,3,5,5,2,4,-1,-1,GB,1,1,34,I
8587,1,1,2,1,2,1,1,1,1,4,3,3,2,3,2,2,1,2,1,3,2,3,4,-1,1,5,5,2,4,5,4,5,5,1,1,3,3,2,1,1,1,5,3,3,4,4,4,3,4,-1,-1,GB,1,2,20,S
8588,1,1,2,1,2,1,1,4,1,1,5,4,3,3,5,1,2,4,3,4,4,5,4,1,4,4,3,4,1,4,1,4,2,1,2,1,5,1,2,1,4,1,3,1,1,1,2,1,1,-1,-1,GB,0,2,14,A
8589,1,3,4,1,3,1,4,1,3,3,2,4,4,3,3,3,5,4,4,5,5,4,4,5,5,4,3,3,3,3,1,3,3,1,3,1,1,3,3,1,3,2,3,3,3,3,3,3,3,-1,-1,GB,1,1,50,A
8590,1,3,1,5,1,1,1,1,1,5,5,5,1,5,5,3,1,-1,1,1,1,1,3,1,1,2,3,1,5,5,1,4,1,4,2,1,1,1,1,1,1,4,3,1,1,1,3,1,4,-1,-1,GB,0,1,20,I
8591,1,2,1,3,4,2,4,2,1,3,1,4,5,4,4,4,5,4,2,4,5,4,5,5,2,1,1,1,2,1,1,2,2,3,1,3,1,5,3,2,2,1,1,2,2,2,3,2,1,-1,-1,GB,0,1,23,A
8592,1,2,3,1,2,2,2,3,2,3,2,1,4,2,2,2,3,2,4,4,4,3,2,2,2,3,4,2,4,2,2,3,3,2,2,4,2,1,2,2,4,5,4,5,4,4,5,3,4,-1,-1,GB,1,2,50,C
8593,1,2,3,2,2,2,3,2,2,2,5,4,2,3,4,3,3,3,4,1,1,4,3,3,2,3,4,5,4,4,1,2,3,2,3,3,2,3,3,2,3,2,3,2,3,2,2,3,2,-1,-1,GB,0,2,22,I
8594,1,2,3,2,1,1,3,2,2,5,3,3,4,3,3,2,3,3,4,2,2,4,2,1,4,4,4,3,4,4,4,5,2,1,2,4,2,4,2,1,3,2,2,1,2,1,2,1,1,-1,-1,GB,0,1,29,S
8595,1,2,3,1,2,1,1,2,1,5,4,4,5,4,2,4,1,1,3,4,1,4,2,4,2,5,4,4,5,4,4,4,4,2,2,4,1,4,2,2,4,1,1,1,1,1,1,1,1,-1,-1,GB,0,1,34,S
8596,1,4,3,4,3,3,4,3,4,4,3,4,4,-1,3,4,3,2,1,2,2,4,4,3,4,1,3,1,1,2,1,1,1,2,2,2,-1,5,2,2,2,4,5,5,2,2,4,4,4,-1,-1,GB,0,1,19,C
8597,1,1,1,1,2,1,2,1,1,4,2,1,4,3,1,2,1,3,3,4,2,2,2,2,2,5,4,2,4,3,2,2,1,4,4,5,2,5,3,3,3,2,2,3,3,4,3,2,2,-1,-1,GB,0,1,23,E
8601,1,1,1,1,3,1,2,1,2,4,4,4,4,4,4,3,5,2,4,5,3,3,2,2,4,3,3,2,2,3,1,2,1,2,2,2,1,3,2,2,3,1,1,2,1,3,1,1,2,-1,-1,GB,0,1,19,I
8603,1,4,3,2,4,3,4,4,4,3,4,4,3,3,4,3,4,3,3,1,2,2,2,1,-1,4,5,4,2,4,4,4,4,4,4,4,2,3,4,4,4,4,4,4,4,4,4,4,4,-1,-1,GB,0,1,21,C
8604,1,3,1,3,5,1,4,4,3,2,3,4,4,4,3,4,4,4,4,4,5,5,5,1,3,3,4,4,1,5,3,4,2,1,4,2,4,1,4,1,4,1,4,4,2,5,5,1,3,-1,-1,GB,0,2,29,A
8605,1,5,1,1,1,1,1,1,1,5,5,5,5,4,5,3,4,5,5,4,4,3,5,3,3,5,5,4,5,4,5,4,3,1,1,5,1,4,2,1,1,1,3,2,3,4,3,1,2,-1,-1,GB,0,1,26,I
8606,1,1,1,1,4,1,3,1,1,5,5,5,5,5,5,5,5,4,5,5,4,4,5,2,4,4,4,4,4,4,2,2,2,1,1,1,1,1,1,1,2,1,1,1,1,1,3,1,1,-1,-1,DE,0,2,47,I
8607,1,4,4,1,4,1,1,2,2,2,5,1,4,1,1,1,4,1,1,1,1,3,1,1,1,4,4,5,3,5,3,4,4,3,4,2,1,4,1,3,4,4,4,4,3,4,3,4,4,-1,-1,GB,0,2,18,S
8609,1,2,4,4,4,3,4,1,3,5,4,4,4,5,4,4,4,2,3,3,3,4,4,3,3,4,4,4,3,4,4,4,3,1,2,3,2,4,2,2,3,1,1,2,1,2,3,1,1,-1,-1,ES,0,1,26,I
8612,1,1,1,1,1,1,1,1,1,4,4,1,5,3,4,1,1,3,4,4,4,4,4,4,4,5,5,5,5,5,2,4,5,4,3,1,4,1,3,2,2,1,1,1,1,1,1,1,1,-1,-1,GB,1,2,40,S
8613,1,3,1,1,3,2,2,3,2,3,4,3,3,4,2,4,3,3,2,2,3,2,4,4,1,3,2,2,3,2,2,3,1,4,3,2,2,4,2,2,1,2,3,3,3,3,2,2,2,-1,-1,GB,0,1,27,I
8614,1,3,3,1,3,3,1,3,1,3,3,3,3,4,3,4,3,1,2,2,1,5,2,1,3,1,3,1,1,1,1,1,2,1,1,1,1,1,1,1,1,1,3,3,3,4,3,1,3,-1,-1,GB,0,1,26,I
8619,1,1,1,1,1,1,1,1,1,1,3,2,1,1,2,1,1,1,3,3,1,3,1,1,4,1,3,2,1,4,1,2,1,1,2,3,1,3,1,1,1,1,1,2,1,1,1,1,1,-1,-1,DE,0,2,28,A
8620,1,3,5,4,4,3,1,3,4,3,3,3,1,2,1,1,1,1,1,2,1,1,1,1,1,1,4,2,1,1,1,1,1,1,1,1,1,1,1,1,1,1,1,1,1,1,3,1,1,-1,-1,SE,0,1,39,R
8621,1,3,4,4,3,4,2,4,2,2,5,2,4,2,4,3,3,4,3,3,5,4,5,4,4,4,4,4,4,4,4,4,3,3,4,2,3,3,3,2,3,1,3,2,1,2,3,2,1,-1,-1,ES,1,1,19,A
8623,1,3,2,3,1,2,3,3,2,4,4,4,3,4,3,4,4,3,3,3,2,3,2,2,3,4,4,4,4,4,3,4,3,3,3,2,3,3,2,2,3,2,3,2,4,4,4,3,3,-1,-1,NO,1,2,46,I
8626,1,2,3,2,4,2,4,1,3,4,5,5,5,5,4,4,4,2,4,4,2,4,3,3,4,4,3,3,3,4,2,2,1,2,1,3,3,3,2,2,2,2,2,2,2,4,3,2,2,-1,-1,HR,0,1,34,I
8628,1,4,2,4,4,3,2,3,4,3,4,3,4,3,4,3,4,1,2,4,5,2,4,4,2,3,2,2,2,1,4,4,2,3,3,5,3,4,3,1,2,3,3,5,3,3,4,4,3,-1,-1,GB,0,1,22,I
8630,1,4,5,4,1,2,-1,2,1,5,5,5,5,5,5,5,3,4,2,5,4,3,3,-1,4,5,5,3,1,-1,4,5,3,5,1,5,5,2,2,4,-1,5,1,1,5,4,3,4,4,-1,-1,FI,0,2,51,I
8631,1,3,1,4,4,2,4,3,2,4,5,4,3,2,5,3,4,1,1,1,1,1,2,1,1,1,2,4,3,3,5,5,3,1,2,5,5,3,4,1,4,5,3,5,4,5,5,4,3,-1,-1,PL,0,2,32,C
8632,1,5,4,5,5,5,4,5,4,4,4,5,5,5,4,5,5,1,2,2,2,3,2,4,3,3,3,2,4,2,3,3,3,2,1,3,3,3,3,3,4,3,3,4,4,5,4,3,4,-1,-1,PL,0,1,23,R
8635,1,3,4,4,3,3,2,4,3,5,5,5,4,4,5,4,5,3,3,3,1,2,3,1,1,3,3,3,2,4,2,4,4,3,2,4,1,2,2,4,4,-1,2,2,2,5,4,2,2,-1,-1,SE,0,1,19,I
8636,1,2,3,1,2,2,3,1,2,2,2,2,2,2,2,2,2,1,3,1,4,4,2,2,1,5,4,4,5,4,4,4,2,1,1,2,2,2,1,1,4,4,4,4,5,4,4,4,4,-1,-1,SI,1,1,25,C
8637,1,1,2,1,2,1,2,1,1,4,4,3,3,2,2,2,2,3,5,4,4,4,4,2,4,4,4,2,3,3,3,2,3,1,2,2,3,2,1,1,3,3,3,2,3,1,1,1,1,-1,-1,ES,0,1,23,A
8638,1,3,4,1,3,1,4,3,3,4,5,5,4,4,3,4,3,2,4,5,3,4,3,3,5,4,5,4,4,4,5,5,4,2,4,4,3,4,4,4,5,4,3,3,4,4,4,3,3,-1,-1,GB,0,2,41,S
8639,1,3,2,1,1,1,1,1,1,5,2,2,2,2,2,2,2,5,4,1,5,4,5,1,1,5,3,4,3,4,3,3,2,2,1,3,1,2,1,2,1,1,1,2,1,2,1,2,1,-1,-1,GB,0,1,57,S
8640,1,4,4,4,4,2,4,4,4,3,4,4,4,4,3,4,4,2,3,4,3,3,3,3,4,4,2,2,4,3,4,4,3,2,2,3,4,3,4,3,4,3,2,2,3,3,3,3,3,-1,-1,GB,0,1,26,R
8641,1,1,1,1,1,1,2,1,1,2,2,2,2,2,2,2,2,1,1,4,1,2,3,1,3,3,2,1,3,2,1,2,1,4,3,4,3,3,4,5,2,1,2,1,2,2,3,3,1,-1,-1,GB,1,2,49,E
8642,1,1,3,3,2,1,3,1,3,1,3,3,1,3,3,2,3,1,3,4,3,4,3,4,4,1,2,3,3,2,1,3,2,1,2,1,2,1,1,1,2,1,1,1,1,1,1,1,1,-1,-1,GB,0,1,42,A
8643,1,3,1,1,3,1,1,3,1,4,1,1,4,4,1,-1,4,1,1,1,1,2,1,1,1,1,3,1,2,1,1,1,4,1,3,1,1,1,1,1,1,3,1,4,3,4,1,3,3,-1,-1,GB,0,2,55,C
8644,1,3,4,3,3,3,4,2,4,5,5,5,5,4,4,4,4,5,5,5,5,5,5,5,5,3,3,3,3,3,2,3,3,1,1,3,2,3,2,2,3,3,3,3,3,3,3,3,3,-1,-1,GB,0,1,36,A
8645,1,1,2,1,1,1,3,1,1,3,5,5,4,4,5,4,4,1,3,3,3,1,3,5,4,1,3,1,5,1,1,4,3,1,1,1,1,1,1,1,1,1,1,1,1,1,1,1,1,-1,-1,GB,1,1,23,I
8646,1,3,5,3,3,1,3,3,4,5,5,5,3,4,5,3,5,4,3,5,5,5,3,4,4,3,5,5,5,5,3,5,5,2,3,4,5,4,5,5,5,3,4,2,2,1,3,1,2,-1,-1,GB,0,2,28,S
8648,1,3,2,1,3,2,3,2,2,4,2,3,5,3,2,4,3,5,2,2,-1,3,5,1,2,1,4,4,4,4,3,3,3,1,3,2,1,2,2,1,2,2,3,2,2,3,4,1,2,-1,-1,FI,0,1,20,I
8649,1,2,3,1,5,4,3,4,2,5,4,4,5,3,2,5,2,1,1,5,5,5,4,2,1,1,4,3,1,3,1,1,2,1,1,4,1,1,1,1,1,1,5,3,2,2,3,1,3,-1,-1,FI,0,2,14,I
8650,1,1,1,1,1,1,1,1,1,2,3,3,5,3,4,2,3,3,2,3,5,4,5,1,2,4,4,3,4,4,3,4,4,2,3,2,1,2,2,2,2,1,2,1,2,1,1,1,1,-1,-1,DE,0,1,29,S
8651,1,1,3,1,4,2,2,2,1,4,4,5,4,5,5,5,4,1,2,4,1,2,3,5,4,3,2,2,2,2,2,5,1,1,1,1,1,2,1,1,1,3,3,3,3,3,3,1,2,-1,-1,DE,0,2,22,I
8654,1,2,2,1,1,1,1,1,1,5,4,4,1,2,3,2,1,3,4,3,4,3,4,2,3,4,4,3,1,3,2,2,1,3,3,2,1,3,2,3,1,1,1,1,1,2,2,1,1,-1,-1,GB,0,2,45,A
8655,1,3,3,3,4,1,3,1,3,4,4,5,3,5,5,5,5,4,2,5,5,5,5,3,4,2,3,2,2,1,1,3,1,1,2,1,1,1,1,2,1,1,2,1,1,1,2,1,1,-1,-1,GB,0,1,62,I
8656,1,3,1,1,1,2,1,1,1,2,2,1,4,3,1,1,3,1,4,3,3,5,1,1,5,5,5,1,5,4,4,4,4,1,1,5,1,5,5,1,4,2,2,2,4,3,2,1,3,-1,-1,DE,1,2,24,S
8657,1,3,3,3,4,3,4,3,3,4,5,5,1,4,5,5,5,1,1,1,1,1,1,4,4,1,3,1,1,1,1,1,1,1,3,3,1,3,3,1,4,1,3,4,1,3,4,1,1,-1,-1,DE,1,1,49,I
8658,1,2,1,1,5,1,3,3,3,1,3,1,3,1,5,1,3,1,2,5,3,4,5,2,5,3,2,5,3,3,1,1,1,1,4,1,3,3,3,5,1,3,3,1,1,2,5,1,1,-1,-1,GB,0,1,48,A
8659,1,1,1,1,1,1,1,1,1,4,3,3,3,2,4,2,4,2,4,5,1,4,4,1,4,5,4,1,2,2,2,4,2,1,2,3,2,3,1,2,2,3,1,3,2,3,4,4,3,-1,-1,GB,1,2,31,I
8660,1,5,4,3,5,3,4,3,3,4,4,4,5,4,4,5,4,3,4,4,4,5,3,4,5,5,4,3,3,3,1,4,3,3,1,3,2,3,1,3,1,3,1,2,1,3,3,1,2,-1,-1,GB,0,1,26,I
8661,1,3,3,2,4,1,3,1,3,5,4,5,5,5,5,5,4,3,3,4,4,4,4,4,4,3,3,1,3,2,4,4,3,3,-1,4,3,4,3,3,4,2,1,2,1,4,3,3,1,-1,-1,GB,0,1,22,I
8662,1,2,2,4,3,2,3,3,2,4,2,3,2,3,3,3,4,4,3,3,3,3,4,3,5,3,2,2,2,2,2,2,1,2,1,2,2,2,2,2,2,2,1,1,1,2,3,2,2,-1,-1,GB,1,1,53,A
8663,1,2,3,3,2,2,3,2,2,3,3,3,3,3,3,3,3,4,4,4,5,4,5,4,4,2,1,2,2,2,2,2,2,2,2,2,2,2,2,2,2,2,2,2,2,2,3,2,2,-1,-1,GB,1,1,53,A
8664,1,5,4,3,3,3,2,2,2,5,5,1,3,2,3,2,4,3,5,1,3,4,3,2,3,5,1,3,1,4,2,2,2,3,3,1,1,4,3,2,3,1,1,1,1,3,3,2,3,-1,-1,GB,0,1,58,I
8665,1,3,4,3,1,1,4,1,4,5,4,3,4,4,3,1,4,3,4,4,4,5,4,4,5,1,4,3,4,3,4,5,3,1,1,3,1,4,1,3,1,1,1,1,1,3,3,1,1,-1,-1,GB,0,2,36,A
8667,1,3,4,4,2,2,4,2,3,3,4,4,2,2,4,1,4,4,2,3,2,5,2,4,3,4,5,4,3,3,2,3,2,2,3,4,2,2,3,1,3,2,3,2,2,2,3,1,1,-1,-1,GB,0,1,46,S
8673,1,3,3,3,4,2,3,2,2,4,4,5,5,4,4,4,4,2,3,1,4,4,3,2,2,3,2,4,3,2,1,2,2,2,1,1,1,2,1,1,1,3,4,4,4,5,5,3,2,-1,-1,HR,0,1,26,I
8674,1,4,4,4,2,2,4,1,4,4,4,4,4,4,4,4,4,3,2,3,3,4,4,4,3,3,4,3,4,3,4,4,3,1,3,1,2,3,2,2,3,3,1,4,2,2,3,1,1,-1,-1,HR,0,1,31,I
8676,1,2,2,4,2,3,3,1,2,3,4,4,2,3,4,3,5,3,4,4,4,4,4,2,4,3,3,3,3,2,3,3,2,2,2,2,2,2,2,2,2,1,2,2,1,2,3,1,1,-1,-1,DE,0,1,20,A
8678,1,1,1,1,1,1,3,1,1,2,4,2,2,1,3,1,4,4,4,2,4,1,4,5,4,5,3,4,4,5,5,5,4,3,1,5,2,4,4,5,5,3,1,3,3,3,3,3,2,-1,-1,GB,1,2,26,S
8679,1,3,2,3,3,3,3,2,3,4,3,4,4,4,2,3,3,4,5,3,3,2,3,2,3,5,3,3,4,4,2,3,2,3,2,5,3,5,3,2,3,1,2,3,2,2,3,3,2,-1,-1,GB,0,1,30,I
8680,1,3,-1,1,4,2,3,2,1,4,4,4,4,2,4,3,4,1,3,3,2,5,3,1,2,2,4,1,1,1,1,1,1,2,1,1,1,-1,1,1,1,3,3,4,2,2,3,1,1,-1,-1,GB,0,2,15,I
8681,1,4,2,2,3,3,2,3,2,2,3,3,4,3,4,3,4,3,3,3,4,4,4,3,3,4,5,4,3,4,4,3,3,4,3,4,3,4,4,3,3,4,4,3,4,3,3,4,4,-1,-1,PT,0,1,23,S
8682,1,3,4,4,4,2,4,2,4,5,5,4,4,4,5,4,5,4,4,5,5,5,5,4,5,3,3,4,4,4,4,4,4,1,2,3,2,2,3,2,3,1,2,2,1,2,3,1,2,-1,-1,PT,0,1,22,A
8683,1,3,2,1,3,1,2,2,2,4,5,4,1,2,5,3,3,4,2,4,4,4,5,5,4,4,5,3,3,3,4,4,3,3,1,1,2,2,2,3,2,1,1,1,1,1,1,1,1,-1,-1,GB,1,2,32,A
8687,1,3,3,2,3,1,1,1,1,1,4,2,3,1,2,1,4,5,5,2,5,5,5,4,3,4,4,4,4,4,4,5,4,1,1,4,1,4,3,1,4,2,3,4,4,5,3,3,3,-1,-1,PL,1,1,31,A
8688,1,3,4,4,4,1,3,2,1,5,5,5,4,4,5,3,4,2,4,4,4,4,4,1,2,3,5,4,5,5,2,4,3,1,3,3,3,5,2,1,3,3,3,2,2,4,3,1,4,-1,-1,GB,0,2,44,I
8689,1,4,1,1,3,1,2,1,1,3,1,1,1,1,1,1,1,1,1,5,1,1,2,2,1,3,3,2,3,3,1,1,2,3,2,3,4,4,4,1,2,3,4,4,4,4,3,4,3,-1,-1,AL,1,2,22,C
8690,1,4,2,1,2,2,2,2,2,4,4,2,4,2,2,1,1,3,1,3,3,3,3,1,2,4,2,3,4,4,2,2,2,2,2,3,4,2,3,3,3,3,2,3,4,4,2,2,4,-1,-1,UA,1,1,32,C
8691,1,3,2,3,2,1,-1,1,3,3,3,3,3,2,3,2,3,2,3,3,3,2,3,3,3,3,3,2,3,3,2,3,2,3,2,3,3,2,2,3,3,2,3,3,3,2,3,3,3,-1,-1,GB,1,1,45,I
8692,1,1,1,1,1,1,1,1,1,2,3,3,2,3,3,3,3,3,2,2,3,3,4,2,3,4,3,3,3,3,4,4,4,2,1,2,1,2,1,2,3,1,1,1,1,1,1,1,1,-1,-1,GB,1,2,45,S
8696,1,1,1,1,1,1,2,1,1,4,2,2,3,2,3,3,2,5,5,4,4,4,4,4,4,5,4,3,4,4,2,4,2,3,2,3,2,3,2,1,1,1,2,1,1,2,1,1,1,-1,-1,PL,1,1,36,A
